Order_ID,Customer_ID,Jenis_Kelamin,Kota,Kategori_Produk,Metode_Pembayaran,Jumlah_Barang,Harga_Satuan,Diskon_Persen,Lama_Pengiriman_Hari,Rating_Pelanggan,Total_Belanja,Total_Belanja_Hitung,Kategori_Nilai_Transaksi,Kategori_Lama_Pengiriman,Harga_Satuan_MinMax,Jumlah_Barang_MinMax,Lama_Pengiriman_Hari_MinMax,Total_Belanja_MinMax,Harga_Satuan_ZScore,Jumlah_Barang_ZScore,Lama_Pengiriman_Hari_ZScore,Total_Belanja_ZScore,Total_Belanja_Cut,Total_Belanja_Qcut
SCB-ORD0001,SCB-CUST015,Perempuan,Takalar,Kesehatan,Kartu Kredit,2,696101.0,30,5.0,5.0,974541.0,974541.3999999999,Sedang,Normal,0.274980804490384,0.013513513513513514,0.057971014492753624,0.03871746649986086,-0.16986184442950622,-0.1394786896934188,0.05356178396035719,-0.30296099304460455,Rendah,Sedang
SCB-ORD0002,SCB-CUST220,Laki-laki,Takalar,Elektronik,COD,1,2504941.875,5,2.0,4.1,4443520.0,2379694.78125,Tinggi,Cepat,1.0,0.0,0.014492753623188406,0.17765471070198938,2.176175415969898,-0.35913016952557447,-0.6233679963045837,0.6792890877556113,Rendah,Tinggi
SCB-ORD0003,SCB-CUST010,Laki-laki,Maros,Kesehatan,Kartu Kredit,2,154647.0,25,4.0,3.1,231970.0,231970.5,Rendah,Normal,0.05795533314511505,0.013513513513513514,0.043478260869565216,0.008976505725979331,-0.8721188955326326,-0.1394786896934188,-0.17208147612795643,-0.5132218290859577,Rendah,Rendah
SCB-ORD0004,SCB-CUST161,Laki-laki,Makassar,Kesehatan,Kartu Kredit,1,536223.0,0,6.0,3.9,536223.0,536223.0,Sedang,Lambat,0.2108985402394247,0.0,0.07246376811594203,0.02116224491904744,-0.3772210158757706,-0.35913016952557447,0.2792050440486708,-0.4270718311085389,Rendah,Sedang
SCB-ORD0005,SCB-CUST057,Laki-laki,Takalar,Makanan,E-Wallet,1,16092.0,5,5.0,4.3,15287.0,15287.4,Rendah,Normal,0.0024197489916251216,0.0,0.057971014492753624,0.0002980620440055246,-1.0518224820156832,-0.35913016952557447,0.05356178396035719,-0.574576162524711,Rendah,Rendah
SCB-ORD0006,SCB-CUST197,Laki-laki,Maros,Makanan,Transfer Bank,1,193870.0,10,3.0,4.7,174483.0,174483.0,Rendah,Cepat,0.073676687244587,0.0,0.02898550724637681,0.006674074561810346,-0.8212473010566145,-0.35913016952557447,-0.3977247362162701,-0.5294994169280755,Rendah,Rendah
SCB-ORD0007,SCB-CUST090,Perempuan,Gowa,Rumah Tangga,E-Wallet,3,438097.0,15,2.0,4.0,1117147.0,1117147.3499999999,Sedang,Cepat,0.17156769883604445,0.02702702702702703,0.014492753623188406,0.04442902735009626,-0.504488845454175,0.08017279013873686,-0.6233679963045837,-0.26258174744450274,Rendah,Sedang
SCB-ORD0009,SCB-CUST174,Perempuan,Bone,Rumah Tangga,COD,1,699280.0,25,6.0,5.0,524460.0,524460.0,Sedang,Lambat,0.27625501056034857,0.0,0.07246376811594203,0.02069112105131874,-0.16573873301938305,-0.35913016952557447,0.2792050440486708,-0.4304025539813072,Rendah,Sedang
SCB-ORD0010,SCB-CUST004,Laki-laki,Maros,Fashion,Kartu Kredit,3,438191.0,15,5.0,4.3,1117387.0,1117387.05,Sedang,Normal,0.17160537589504937,0.02702702702702703,0.057971014492753624,0.04443863967078442,-0.5043669289796385,0.08017279013873686,0.05356178396035719,-0.26251379084419124,Rendah,Sedang
SCB-ORD0011,SCB-CUST207,Laki-laki,Bone,Kesehatan,Transfer Bank,2,803740.0,0,3.0,4.1,1607480.0,1607480.0,Sedang,Cepat,0.31812464442901844,0.013513513513513514,0.02898550724637681,0.0640675191833885,-0.030255808231252228,-0.1394786896934188,-0.3977247362162701,-0.12374273202555318,Rendah,Tinggi
SCB-ORD0013,SCB-CUST202,Laki-laki,Bone,Kesehatan,Kartu Kredit,5,58072.0,10,5.0,3.3,261324.0,261324.0,Rendah,Normal,0.01924616321531613,0.05405405405405406,0.057971014492753624,0.010152172648814345,-0.9973751032811845,0.5194757498030482,0.05356178396035719,-0.5049101705628564,Rendah,Rendah
SCB-ORD0014,SCB-CUST022,Laki-laki,Makassar,Rumah Tangga,Transfer Bank,1,392365.0,15,1.0,4.3,333510.0,333510.25,Rendah,Cepat,0.15323740881036943,0.0,0.0,0.013043318403797253,-0.563802507299961,-0.35913016952557447,-0.8490112563928973,-0.4844705241041593,Rendah,Rendah
SCB-ORD0015,SCB-CUST153,LAKI-LAKI,Takalar,Kesehatan,Kartu Kredit,2,82990.0,20,1.0,2.8,132784.0,132784.0,Rendah,Cepat,0.029233790409835717,0.013513513513513514,0.0,0.0050039738935778325,-0.9650568616588349,-0.1394786896934188,-0.8490112563928973,-0.5413065930797005,Rendah,Rendah
SCB-ORD0016,SCB-CUST189,Perempuan,Takalar,Makanan,Kartu Kredit,1,172854.0,5,7.0,4.6,164211.0,164211.3,Rendah,Lambat,0.06525305881854863,0.0,0.08695652173913045,0.006262667236356873,-0.8485047120019271,-0.35913016952557447,0.5048483041369844,-0.5324079594214085,Rendah,Rendah
SCB-ORD0017,SCB-CUST077,Perempuan,Parepare,Rumah Tangga,Transfer Bank,1,1194578.0,30,7.0,3.9,836205.0,836204.6,Sedang,Lambat,0.4747802442946436,0.0,0.08695652173913045,0.0331769248552024,0.47665473511877143,-0.35913016952557447,0.5048483041369844,-0.34213117746416394,Rendah,Sedang
SCB-ORD0018,SCB-CUST107,Perempuan,Gowa,Rumah Tangga,Transfer Bank,6,1497760.0,10,5.0,3.5,8087904.0,8087904.0,Tinggi,Normal,0.5963015858183951,0.06756756756756757,0.057971014492753624,0.3236171595303997,0.8698768689797237,0.7391272296352039,0.05356178396035719,1.7112055330460019,Rendah,Tinggi
SCB-ORD0019,SCB-CUST061,Laki-laki,Gowa,Rumah Tangga,Transfer Bank,2,1616111.0,30,3.0,4.2,2262555.0,2262555.4,Tinggi,Cepat,0.6437390072044851,0.013513513513513514,0.02898550724637681,0.09030414824505459,1.0233761953400538,-0.1394786896934188,-0.3977247362162701,0.061743392762230606,Rendah,Tinggi
SCB-ORD0021,SCB-CUST217,Perempuan,Makassar,Makanan,Transfer Bank,1,161446.0,5,6.0,4.0,153374.0,153373.69999999998,Rendah,Lambat,0.06068050680654609,0.0,0.07246376811594203,0.00582863090595001,-0.8633007028690819,-0.35913016952557447,0.2792050440486708,-0.5354764830779748,Rendah,Rendah
SCB-ORD0022,SCB-CUST020,Perempuan,Makassar,Elektronik,Kartu Kredit,4,2504941.875,25,4.0,4.3,8324022.0,7514825.625,Tinggi,Normal,1.0,0.04054054054054054,0.043478260869565216,0.3330740009314339,2.176175415969898,0.29982426997089257,-0.17208147612795643,1.7780629353474817,Rendah,Tinggi
SCB-ORD0023,SCB-CUST178,Laki-laki,Maros,Makanan,E-Wallet,5,75963.0,10,3.0,3.9,341834.0,341833.5,Rendah,Cepat,0.02641722983932889,0.05405405405405406,0.02898550724637681,0.013376705726331784,-0.9741707666223252,0.5194757498030482,-0.3977247362162701,-0.48211356268335476,Rendah,Rendah
SCB-ORD0024,SCB-CUST061,Perempuan,Gowa,Kesehatan,Transfer Bank,3,715009.0,10,2.0,4.4,1930524.0,1930524.3,Sedang,Cepat,0.28255950482724795,0.02702702702702703,0.014492753623188406,0.07700586303500376,-0.14533847527486352,0.08017279013873686,-0.6233679963045837,-0.032272015396243824,Rendah,Tinggi
SCB-ORD0025,SCB-CUST089,Perempuan,MAROS,Rumah Tangga,E-Wallet,2,1842085.0,5,7.0,3.7,3499962.0,3499961.5,Tinggi,Lambat,0.734313855412783,0.013513513513513514,0.08695652173913045,0.13986395201914004,1.316460806158291,-0.1394786896934188,0.5048483041369844,0.41211827993587813,Rendah,Tinggi
SCB-ORD0026,SCB-CUST094,Perempuan,Gowa,Elektronik,Kartu Kredit,3,2504941.875,20,5.0,4.7,11169398.0,6011860.5,Tinggi,Normal,1.0,0.02702702702702703,0.057971014492753624,0.4470351117248044,2.176175415969898,0.08017279013873686,0.05356178396035719,2.583738266880764,Sedang,Tinggi
SCB-ORD0027,SCB-CUST152,Perempuan,Parepare,Rumah Tangga,E-Wallet,3,1655790.0,10,1.0,4.8,4470633.0,4470633.0,Tinggi,Cepat,0.6596431351221086,0.02702702702702703,0.0,0.17874062258039863,1.074839214415951,0.08017279013873686,-0.8490112563928973,0.6869662015233038,Rendah,Tinggi
SCB-ORD0028,SCB-CUST057,Laki-laki,Bone,Elektronik,Transfer Bank,2,986478.0,25,5.0,3.1,1479717.0,1479717.0,Sedang,Normal,0.39136964877415537,0.013513513513513514,0.057971014492753624,0.05895044031637992,0.20675241223527513,-0.1394786896934188,0.05356178396035719,-0.15991914504888885,Rendah,Tinggi
SCB-ORD0029,SCB-CUST018,Laki-laki,Takalar,Fashion,Transfer Bank,2,930474.0,15,5.0,5.0,1581806.0,1581805.8,Sedang,Normal,0.36892213800275014,0.013513513513513514,0.057971014492753624,0.06303924117777203,0.13411613308694584,-0.1394786896934188,0.05356178396035719,-0.13101238934387788,Rendah,Tinggi
SCB-ORD0031,SCB-CUST131,Perempuan,Gowa,Fashion,E-Wallet,1,180716.0,20,2.0,4.4,144573.0,144572.80000000002,Rendah,Cepat,0.06840430390255671,0.0,0.014492753623188406,0.00547613909604775,-0.8383078255890964,-0.35913016952557447,-0.6233679963045837,-0.5379685082418985,Rendah,Rendah
SCB-ORD0032,SCB-CUST031,Laki-laki,Parepare,Makanan,E-Wallet,4,345784.0,15,6.0,4.1,1175666.0,1175665.5999999999,Sedang,Lambat,0.1345668227943201,0.04054054054054054,0.07246376811594203,0.04677279149322435,-0.6242173083678905,0.29982426997089257,0.2792050440486708,-0.24601194622104539,Rendah,Sedang
SCB-ORD0033,SCB-CUST077,Perempuan,Maros,Kesehatan,E-Wallet,2,899032.0,20,2.0,3.4,1438451.0,1438451.2000000002,Sedang,Cepat,0.3563195625853777,0.013513513513513514,0.014492753623188406,0.0572976818767223,0.09333636933825344,-0.1394786896934188,-0.6233679963045837,-0.1716037161674519,Rendah,Sedang
SCB-ORD0035,SCB-CUST198,Perempuan,Gowa,Kesehatan,COD,1,518982.0,5,5.0,3.9,493033.0,493032.89999999997,Rendah,Normal,0.20398800647023327,0.0,0.057971014492753624,0.019432427708539698,-0.3995823130830477,-0.35913016952557447,0.05356178396035719,-0.4393011876395993,Rendah,Rendah
SCB-ORD0036,SCB-CUST089,Laki-laki,Gowa,Elektronik,E-Wallet,50,2504941.875,15,2.0,2.7,4499460.0,106460029.6875,Tinggi,Cepat,1.0,0.6621621621621622,0.014492753623188406,0.1798951824490559,2.176175415969898,10.403792342250053,-0.6233679963045837,0.6951286386782211,Rendah,Tinggi
SCB-ORD0037,SCB-CUST138,Laki-laki,Makassar,Rumah Tangga,Transfer Bank,3,1550752.0,0,6.0,3.6,4652256.0,4652256.0,Tinggi,Lambat,0.617541827422536,0.02702702702702703,0.07246376811594203,0.1860148664151763,0.9386066330077979,0.08017279013873686,0.2792050440486708,0.7383932082665494,Rendah,Tinggi
SCB-ORD0038,SCB-CUST132,Laki-laki,Parepare,Rumah Tangga,Transfer Bank,2,564304.0,25,9.0,4.0,846456.0,846456.0,Sedang,Lambat,0.22215396038748253,0.013513513513513514,0.11594202898550725,0.03358749110259566,-0.3408004145836444,-0.1394786896934188,0.9561348243136117,-0.3392285811733582,Rendah,Sedang
SCB-ORD0039,SCB-CUST062,Perempuan,Gowa,Kesehatan,Transfer Bank,1,699926.0,0,1.0,3.5,699926.0,699926.0,Sedang,Cepat,0.2765139401360633,0.0,0.0,0.027718768809108764,-0.16490088150288743,-0.35913016952557447,-0.8490112563928973,-0.38071891718855333,Rendah,Sedang
SCB-ORD0040,SCB-CUST085,Perempuan,Parepare,Rumah Tangga,E-Wallet,1,337682.0,10,3.0,4.3,303914.0,303913.8,Rendah,Cepat,0.13131938096391646,0.0,0.02898550724637681,0.011857959057601673,-0.6347254708859207,-0.35913016952557447,-0.3977247362162701,-0.49285070553257476,Rendah,Rendah
SCB-ORD0041,SCB-CUST067,Laki-laki,Gowa,Rumah Tangga,COD,6,767594.0,5,4.0,4.2,4375286.0,4375285.8,Tinggi,Normal,0.303636612782293,0.06756756756756757,0.043478260869565216,0.1749218478276716,-0.07713658364185702,0.7391272296352039,-0.17208147612795643,0.6599684599820439,Rendah,Tinggi
SCB-ORD0042,SCB-CUST208,Laki-laki,Takalar,Rumah Tangga,Kartu Kredit,2,1965548.0,5,7.0,4.7,3734541.0,3734541.1999999997,Tinggi,Lambat,0.7838002674970985,0.013513513513513514,0.08695652173913045,0.14925915441376136,1.4765903135593728,-0.1394786896934188,0.5048483041369844,0.47853991053786044,Rendah,Tinggi
SCB-ORD0043,SCB-CUST013,Perempuan,Bone,Kesehatan,Transfer Bank,2,59295.0,10,4.0,3.0,106731.0,106731.0,Rendah,Normal,0.01973636580215686,0.013513513513513514,0.043478260869565216,0.003960516431541292,-0.9957888921284381,-0.1394786896934188,-0.17208147612795643,-0.5486835651960172,Rendah,Rendah
SCB-ORD0044,SCB-CUST077,Perempuan,Parepare,Elektronik,Kartu Kredit,2,529376.0,15,3.0,3.7,899939.0,899939.2,Sedang,Cepat,0.20815412722871454,0.013513513513513514,0.02898550724637681,0.03572955671661709,-0.3861014637603612,-0.1394786896934188,-0.3977247362162701,-0.32408473594643755,Rendah,Sedang
SCB-ORD0045,SCB-CUST036,Perempuan,Gowa,Kesehatan,COD,2,667119.0,20,2.0,4.2,1067390.0,1067390.4000000001,Sedang,Cepat,0.26336424572356615,0.013513513513513514,0.014492753623188406,0.042436193014758594,-0.20745102809990262,-0.1394786896934188,-0.6233679963045837,-0.27667056645158705,Rendah,Sedang
SCB-ORD0046,SCB-CUST046,Perempuan,Makassar,Kesehatan,COD,2,499846.0,20,8.0,3.7,799754.0,799753.6000000001,Sedang,Lambat,0.1963179192242935,0.013513513513513514,0.10144927536231885,0.0317170135993511,-0.42440139453763004,-0.1394786896934188,0.730491564225298,-0.3524523692889771,Rendah,Sedang
SCB-ORD0048,SCB-CUST058,Perempuan,Makassar,Elektronik,E-Wallet,1,2504941.875,30,2.0,4.6,3973057.0,1753459.3125,Tinggi,Cepat,1.0,0.0,0.014492753623188406,0.1588120389190048,2.176175415969898,-0.35913016952557447,-0.6233679963045837,0.5460763125374529,Rendah,Tinggi
SCB-ORD0049,SCB-CUST122,Perempuan,Gowa,Fashion,Kartu Kredit,1,685441.0,20,6.0,4.9,548353.0,548352.8,Sedang,Lambat,0.2707080656713143,0.0,0.07246376811594203,0.02164806762716179,-0.18368769143545563,-0.35913016952557447,0.2792050440486708,-0.42363719126779426,Rendah,Sedang
SCB-ORD0050,SCB-CUST122,Perempuan,Makassar,Kesehatan,Kartu Kredit,1,431087.0,25,5.0,3.6,323315.0,323315.25,Rendah,Normal,0.16875795220174064,0.0,0.057971014492753624,0.012634995031231232,-0.513580701693547,-0.35913016952557447,0.05356178396035719,-0.48735726385489236,Rendah,Rendah
SCB-ORD0051,SCB-CUST003,Laki-laki,Parepare,Kesehatan,Kartu Kredit,1,333641.0,25,2.0,4.7,250231.0,250230.75,Rendah,Cepat,0.12969966824648113,0.0,0.014492753623188406,0.009707883176340106,-0.6399665823072191,-0.35913016952557447,-0.6233679963045837,-0.508051181259755,Rendah,Rendah
SCB-ORD0052,SCB-CUST115,Laki-laki,Takalar,Rumah Tangga,Transfer Bank,1,1214429.0,15,4.0,3.0,1032265.0,1032264.65,Sedang,Normal,0.48273691768088683,0.0,0.043478260869565216,0.04102938983070941,0.5024011599700943,-0.35913016952557447,-0.17208147612795643,-0.2866162980596791,Rendah,Sedang
SCB-ORD0054,SCB-CUST043,Perempuan,Takalar,Makanan,E-Wallet,1,128577.0,5,4.0,4.5,122148.0,122148.15,Rendah,Normal,0.04750596156789674,0.0,0.043478260869565216,0.004577987881747308,-0.9059312624599404,-0.35913016952557447,-0.17208147612795643,-0.544318203083506,Rendah,Rendah
SCB-ORD0055,SCB-CUST198,Laki-laki,Takalar,Elektronik,Transfer Bank,1,2504941.875,15,6.0,4.4,4566618.0,2129200.59375,Tinggi,Lambat,1.0,0.0,0.07246376811594203,0.18258495008562173,2.176175415969898,-0.35913016952557447,0.2792050440486708,0.7141445943603918,Rendah,Tinggi
SCB-ORD0056,SCB-CUST199,Laki-laki,Gowa,Elektronik,Ewallet,6,2504941.875,25,4.0,4.5,14668173.0,11272238.4375,Tinggi,Normal,1.0,0.06756756756756757,0.043478260869565216,0.5871657255403686,2.176175415969898,0.7391272296352039,-0.17208147612795643,3.574425159609655,Sedang,Tinggi
SCB-ORD0057,SCB-CUST010,Perempuan,Parepare,Rumah Tangga,E-Wallet,1,1237878.0,30,4.0,5.0,866515.0,866514.6,Sedang,Normal,0.49213574062351023,0.0,0.043478260869565216,0.034390880855445276,0.5328141324318679,-0.35913016952557447,-0.17208147612795643,-0.3335488251498217,Rendah,Sedang
SCB-ORD0058,SCB-CUST185,Perempuan,Parepare,Elektronik,Kartu Kredit,2,1881654.0,15,7.0,4.2,3198812.0,3198811.8,Tinggi,Lambat,0.7501738931549753,0.013513513513513514,0.08695652173913045,0.12780249212230269,1.3677811570193052,-0.1394786896934188,0.5048483041369844,0.3268469041699871,Rendah,Tinggi
SCB-ORD0059,SCB-CUST158,Laki-laki,Parepare,Rumah Tangga,Kartu Kredit,1,1916014.0,30,3.0,4.7,1341210.0,1341209.7999999998,Sedang,Cepat,0.7639460606806071,0.0,0.02898550724637681,0.05340304989323114,1.4123455194137162,-0.35913016952557447,-0.3977247362162701,-0.1991377485461702,Rendah,Sedang
SCB-ORD0060,SCB-CUST143,Perempuan,Bone,Makanan,E-Wallet,4,189563.0,20,4.0,3.0,606602.0,606601.6,Sedang,Normal,0.07195035646656324,0.04054054054054054,0.043478260869565216,0.023981017909515703,-0.8268334101611758,0.29982426997089257,-0.17208147612795643,-0.4071438412196874,Rendah,Sedang
SCB-ORD0061,SCB-CUST143,Laki-laki,Makassar,Kesehatan,Transfer Bank,3,357927.0,25,1.0,4.0,805336.0,805335.75,Sedang,Cepat,0.13943397734215907,0.02702702702702703,0.0,0.03194058015802335,-0.6084680344285618,0.08017279013873686,-0.8490112563928973,-0.35087181202673173,Rendah,Sedang
SCB-ORD0062,SCB-CUST204,Laki-laki,Bone,Elektronik,COD,3,2504941.875,20,7.0,4.1,13221295.0,6011860.5,Tinggi,Lambat,1.0,0.02702702702702703,0.08695652173913045,0.5292163283209887,2.176175415969898,0.08017279013873686,0.5048483041369844,3.164738034836615,Sedang,Tinggi
SCB-ORD0063,SCB-CUST164,Laki-laki,Takalar,Fashion,E-Wallet,1,960204.0,0,5.0,5.0,960204.0,960204.0,Sedang,Normal,0.3808385099625008,0.0,0.057971014492753624,0.038143250492751586,0.1726754606185477,-0.35913016952557447,0.05356178396035719,-0.3070205504557139,Rendah,Sedang
SCB-ORD0064,SCB-CUST052,Laki-laki,Takalar,Makanan ,E-Wallet,4,1028692.0,5,6.0,4.2,3909030.0,3909029.5999999996,Tinggi,Lambat,0.40828985482558205,0.04054054054054054,0.07246376811594203,0.15624767201608333,0.26150328517234345,0.29982426997089257,0.2792050440486708,0.5279469073368462,Rendah,Tinggi
SCB-ORD0065,SCB-CUST142,Laki-laki,Parepare,Fashion,Kartu Kredit,1,577722.0,0,6.0,4.4,577722.0,577722.0,Sedang,Lambat,0.22753216015054795,0.0,0.07246376811594203,0.022824335320039815,-0.32339748633544285,-0.35913016952557447,0.2792050440486708,-0.41532128545717345,Rendah,Sedang
SCB-ORD0066,SCB-CUST067,Laki-laki,Takalar,Kesehatan,COD,1,414897.0,5,1.0,4.2,394152.0,394152.14999999997,Rendah,Cepat,0.16226868001780645,0.0,0.0,0.01547211153367941,-0.5345788689568041,-0.35913016952557447,-0.8490112563928973,-0.4672995901204463,Rendah,Rendah
SCB-ORD0067,SCB-CUST109,Laki-laki,Maros,Makanan,Transfer Bank,1,43067.0,0,1.0,4.1,43067.0,43067.0,Rendah,Cepat,0.013231862466710041,0.0,0.0,0.0014106881636606538,-1.0168363447750186,-0.35913016952557447,-0.8490112563928973,-0.5667101860386528,Rendah,Rendah
SCB-ORD0068,SCB-CUST219,Laki-laki,Makassar,Kesehatan,E-Wallet,1,430368.0,30,5.0,2.7,301258.0,301257.6,Rendah,Normal,0.16846976278233058,0.0,0.057971014492753624,0.011751582708652644,-0.5145132330253742,-0.35913016952557447,0.05356178396035719,-0.4936027585760222,Rendah,Rendah
SCB-ORD0069,SCB-CUST070,Perempuan,Takalar,Elektronik,Kartu Kredit,1,2208125.0,10,4.0,4.8,1987312.0,1987312.5,Sedang,Normal,0.8810299264570864,0.0,0.043478260869565216,0.07928029831516846,1.7912087459385648,-0.35913016952557447,-0.17208147612795643,-0.016192351152533306,Rendah,Tinggi
SCB-ORD0070,SCB-CUST089,Perempuan,Takalar,Rumah Tangga,Kartu Kredit,2,236461.0,15,8.0,3.7,401984.0,401983.7,Rendah,Lambat,0.09074800235181005,0.013513513513513514,0.10144927536231885,0.015785793598803204,-0.7660074652376284,-0.1394786896934188,0.730491564225298,-0.4650819397302804,Rendah,Rendah
SCB-ORD0071,SCB-CUST046,Perempuan,Makassar,Rumah Tangga,Transfer Bank,1,292576.0,20,6.0,3.6,234061.0,234060.80000000002,Rendah,Lambat,0.11324000411842321,0.0,0.07246376811594203,0.009060253069974971,-0.6932272208906444,-0.35913016952557447,0.2792050440486708,-0.5126297572057436,Rendah,Rendah
SCB-ORD0072,SCB-CUST146,Perempuan,Makassar,Makanan,Kartu Kredit,2,182822.0,20,7.0,5.0,292515.0,292515.2,Rendah,Lambat,0.0692484303521778,0.013513513513513514,0.08695652173913045,0.011401413876250023,-0.8355763777659699,-0.1394786896934188,0.5048483041369844,-0.49607836089487056,Rendah,Rendah
SCB-ORD0073,SCB-CUST173,Perempuan,Parepare,Makanan,Transfer Bank,6,29464.0,25,5.0,5.0,132588.0,132588.0,Rendah,Normal,0.007779511044964715,0.06756756756756757,0.057971014492753624,0.004996123831682497,-1.0344792150209783,0.7391272296352039,0.05356178396035719,-0.5413620909699549,Rendah,Rendah
SCB-ORD0074,SCB-CUST143,Laki-laki,Gowa,Elektronik,COD,3,2504941.875,20,5.0,5.0,14377726.0,6011860.5,Tinggi,Normal,1.0,0.02702702702702703,0.057971014492753624,0.5755329350948872,2.176175415969898,0.08017279013873686,0.05356178396035719,3.4921843650651563,Sedang,Tinggi
SCB-ORD0076,SCB-CUST011,Perempuan,Gowa,Makanan,Kartu Kredit,3,169060.0,10,3.0,4.8,456462.0,456462.0,Rendah,Cepat,0.06373234858594541,0.02702702702702703,0.02898550724637681,0.017967710292344317,-0.8534254684316243,0.08017279013873686,-0.3977247362162701,-0.44965635776456825,Rendah,Rendah
SCB-ORD0077,SCB-CUST051,Laki-laki,Parepare,Fashion,COD,1,1026055.0,30,3.0,3.3,718238.0,718238.5,Sedang,Cepat,0.40723289307456073,0.0,0.02898550724637681,0.028452188877615775,0.2580831389664627,-0.35913016952557447,-0.3977247362162701,-0.37553382858478446,Rendah,Sedang
SCB-ORD0078,SCB-CUST074,Perempuan,Maros,Rumah Tangga,E-Wallet,2,979407.0,5,2.0,4.7,1860873.0,1860873.2999999998,Sedang,Cepat,0.388535452133476,0.013513513513513514,0.014492753623188406,0.07421624741728959,0.19758143998583158,-0.1394786896934188,-0.6233679963045837,-0.05199387026415044,Rendah,Tinggi
SCB-ORD0079,SCB-CUST195,Perempuan,Takalar,Makanan,Transfer Bank,1,342548.0,10,5.0,4.9,308293.0,308293.2,Rendah,Normal,0.13326976999708656,0.0,0.057971014492753624,0.012033343858824487,-0.6284143478529985,-0.35913016952557447,0.05356178396035719,-0.4916107807293908,Rendah,Rendah
SCB-ORD0080,SCB-CUST197,Laki-laki,Takalar,Fashion,E-Wallet,3,147554.0,20,3.0,4.5,354130.0,354129.60000000003,Rendah,Cepat,0.05511231846934944,0.02702702702702703,0.02898550724637681,0.01386917695625545,-0.8813184014250528,0.08017279013873686,-0.3977247362162701,-0.47863191952739464,Rendah,Rendah
SCB-ORD0081,SCB-CUST182,Laki-laki,Makassar,Kesehatan,Transfer Bank,1,594623.0,20,3.0,4.5,475698.0,475698.4,Rendah,Cepat,0.234306415195679,0.0,0.02898550724637681,0.01873813779550076,-0.30147716361053184,-0.35913016952557447,-0.3977247362162701,-0.4442096362496,Rendah,Rendah
SCB-ORD0083,SCB-CUST141,Perempuan,Makassar,Rumah Tangga,Kartu Kredit,4,1751821.0,10,4.0,4.8,6306556.0,6306555.600000001,Tinggi,Normal,0.6981342590934109,0.04054054054054054,0.043478260869565216,0.25227179189197546,1.1993898629927173,0.29982426997089257,-0.17208147612795643,1.2068123911638218,Rendah,Tinggi
SCB-ORD0084,SCB-CUST190,Perempuan,Bone,Kesehatan,Transfer Bank,1,158660.0,10,2.0,5.0,142794.0,142794.0,Rendah,Cepat,0.05956382290880423,0.0,0.014492753623188406,0.005404887768946725,-0.8669140996569408,-0.35913016952557447,-0.6233679963045837,-0.5384722365417076,Rendah,Rendah
SCB-ORD0085,SCB-CUST206,Laki-laki,Takalar,Fashion,COD,2,714142.0,15,1.0,3.7,1214041.0,1214041.4,Sedang,Cepat,0.2822119940808939,0.013513513513513514,0.0,0.048309761519925776,-0.1464629602048971,-0.1394786896934188,-0.8490112563928973,-0.23514596898373485,Rendah,Sedang
SCB-ORD0086,SCB-CUST175,Laki-laki,Maros,Fashion,COD,1,368820.0,0,8.0,2.7,368820.0,368820.0,Rendah,Lambat,0.1438001071691878,0.0,0.10144927536231885,0.014457531085043567,-0.5943399902038144,-0.35913016952557447,0.730491564225298,-0.4744724092833271,Rendah,Rendah
SCB-ORD0087,SCB-CUST207,Laki-laki,Parepare,Kesehatan,E-Wallet,4,497280.0,30,1.0,3.9,1392384.0,1392384.0,Sedang,Cepat,0.19528941567741426,0.04054054054054054,0.0,0.05545263697196518,-0.42772945489572256,0.29982426997089257,-0.8490112563928973,-0.1846477024447466,Rendah,Sedang
SCB-ORD0088,SCB-CUST095,Laki-laki,Parepare,Makanan,Kartu Kredit,1,200508.0,5,6.0,3.9,190483.0,190482.59999999998,Rendah,Lambat,0.07633732892197767,0.0,0.07246376811594203,0.007314895941021363,-0.8126379227803019,-0.35913016952557447,0.2792050440486708,-0.5249689769073076,Rendah,Rendah
SCB-ORD0089,SCB-CUST067,Laki-laki,Takalar,Makanan,E-Wallet,2,301309.0,5,5.0,4.7,572487.0,572487.1,Sedang,Normal,0.11674036322789184,0.013513513513513514,0.057971014492753624,0.02261466657502921,-0.6819006616126935,-0.1394786896934188,0.05356178396035719,-0.41680358880146845,Rendah,Sedang
SCB-ORD0090,SCB-CUST046,Laki-laki,Takalar,Kesehatan,Transfer Bank,1,616229.0,5,5.0,4.1,585418.0,585417.5499999999,Sedang,Normal,0.24296652728993978,0.0,0.057971014492753624,0.023132570403440314,-0.2734545322399369,-0.35913016952557447,0.05356178396035719,-0.41314214380718406,Rendah,Sedang
SCB-ORD0091,SCB-CUST040,Laki-laki,Maros,Kesehatan,Transfer Bank,4,381884.0,30,4.0,4.8,1069275.0,1069275.2,Sedang,Normal,0.14903641673131976,0.04054054054054054,0.043478260869565216,0.04251168978349689,-0.5773961942107823,0.29982426997089257,-0.17208147612795643,-0.27613682398664036,Rendah,Sedang
SCB-ORD0092,SCB-CUST090,Laki-laki,Takalar,Elektronik,COD,1,2504941.875,0,5.0,4.4,4522919.0,2504941.875,Tinggi,Normal,1.0,0.0,0.057971014492753624,0.18083474674498784,2.176175415969898,-0.35913016952557447,0.05356178396035719,0.7017711132061707,Rendah,Tinggi
SCB-ORD0093,SCB-CUST158,Perempuan,Maros,Fashion,COD,1,580062.0,30,6.0,4.6,406043.0,406043.39999999997,Rendah,Lambat,0.2284700784279047,0.0,0.07246376811594203,0.0159483619724418,-0.32036254430974664,-0.35913016952557447,0.2792050440486708,-0.4639326237275119,Rendah,Rendah
SCB-ORD0094,SCB-CUST046,Perempuan,Maros,Fashion,Transfer Bank,1,1092845.0,25,7.0,4.7,819634.0,819633.75,Sedang,Lambat,0.43400364595689334,0.0,0.08695652173913045,0.03251323416302079,0.3447086850759712,-0.35913016952557447,0.5048483041369844,-0.346823297563173,Rendah,Sedang
SCB-ORD0096,SCB-CUST130,Laki-laki,Parepare,Makanan,COD,2,214351.0,20,6.0,3.5,342962.0,342961.60000000003,Rendah,Lambat,0.08188587709011856,0.013513513513513514,0.07246376811594203,0.01342188363356616,-0.7946837764291427,-0.1394786896934188,0.2792050440486708,-0.4817941666618906,Rendah,Rendah
SCB-ORD0097,SCB-CUST018,Perempuan,Takalar,Rumah Tangga,COD,4,1862600.0,20,5.0,5.0,5960320.0,5960320.0,Tinggi,Normal,0.7425366731307207,0.04054054054054054,0.057971014492753624,0.23840457745119384,1.3430684282339995,0.29982426997089257,0.05356178396035719,1.1087748017244095,Rendah,Tinggi
SCB-ORD0098,SCB-CUST010,Perempuan,Maros,Makanan,COD,2,107538.0,10,6.0,4.9,193568.0,193568.4,Rendah,Lambat,0.039073114286995475,0.013513513513513514,0.07246376811594203,0.007438454313200488,-0.9332185040320014,-0.1394786896934188,0.2792050440486708,-0.5240954514408033,Rendah,Rendah
SCB-ORD0099,SCB-CUST067,Laki-laki,Maros,Makanan,COD,2,2504941.875,20,6.0,3.5,438245.0,4007907.0,Rendah,Lambat,1.0,0.013513513513513514,0.07246376811594203,0.017238095100776372,2.176175415969898,-0.1394786896934188,0.2792050440486708,-0.4548145468807138,Rendah,Rendah
SCB-ORD0100,SCB-CUST169,Perempuan,Takalar,Rumah Tangga,Transfer Bank,2,111248.0,10,9.0,4.9,200246.0,200246.4,Rendah,Lambat,0.04056015565836026,0.013513513513513514,0.11594202898550725,0.007705917136348686,-0.928406694239124,-0.1394786896934188,0.9561348243136117,-0.5222045590371353,Rendah,Rendah
SCB-ORD0101,SCB-CUST097,Laki-laki,Takalar,Rumah Tangga,Transfer Bank,1,61219.0,20,3.0,4.4,48975.0,48975.200000000004,Rendah,Cepat,0.02050754305242798,0.0,0.02898550724637681,0.0016473114579343222,-0.9932934953517546,-0.35913016952557447,-0.3977247362162701,-0.5650373210609841,Rendah,Rendah
SCB-ORD0102,SCB-CUST126,Perempuan,Bone,Fashion,Transfer Bank,2,312933.0,20,7.0,4.4,500693.0,500692.80000000005,Sedang,Lambat,0.12139949231165041,0.013513513513513514,0.08695652173913045,0.019739220943836972,-0.666824522250859,-0.1394786896934188,0.5048483041369844,-0.4371322394796567,Rendah,Sedang
SCB-ORD0103,SCB-CUST043,Laki-laki,Bone,Fashion,Kartu Kredit,2,1147653.0,20,5.0,4.6,1836245.0,1836244.8,Sedang,Normal,0.45597177627542734,0.013513513513513514,0.057971014492753624,0.07322986310933903,0.4157937716333891,-0.1394786896934188,0.05356178396035719,-0.05896735006611745,Rendah,Tinggi
SCB-ORD0104,SCB-CUST028,Perempuan,Maros,Kesehatan,Kartu Kredit,1,509418.0,10,5.0,4.2,458476.0,458476.2,Rendah,Normal,0.20015456612636998,0.0,0.057971014492753624,0.018048373683452502,-0.4119866658752522,-0.35913016952557447,0.05356178396035719,-0.4490860886269541,Rendah,Rendah
SCB-ORD0105,SCB-CUST084,Perempuan,Bone,Rumah Tangga,COD,1,844814.0,25,7.0,5.0,633610.0,633610.5,Sedang,Lambat,0.3345879159350662,0.0,0.08695652173913045,0.0250627243976239,0.023016503206117915,-0.35913016952557447,0.5048483041369844,-0.3994964584646311,Rendah,Sedang
SCB-ORD0106,SCB-CUST002,Laki-laki,Makassar,Rumah Tangga,Transfer Bank,1,1373353.0,10,7.0,4.9,1236018.0,1236017.7,Sedang,Lambat,0.5464367998649238,0.0,0.08695652173913045,0.04918996973560831,0.7085230088981902,-0.35913016952557447,0.5048483041369844,-0.22892312646270882,Rendah,Sedang
SCB-ORD0107,SCB-CUST100,Perempuan,Maros,Kesehatan,Transfer Bank,5,130075.0,5,5.0,4.0,617856.0,617856.25,Sedang,Normal,0.04810638959331573,0.05405405405405406,0.057971014492753624,0.02443175564711825,-0.9039883807699861,0.5194757498030482,0.05356178396035719,-0.40395724297007973,Rendah,Sedang
SCB-ORD0109,SCB-CUST132,Laki-laki,Parepare,Elektronik,E-Wallet,1,429524.0,20,3.0,3.5,343619.0,343619.2,Rendah,Cepat,0.16813147089083952,0.0,0.02898550724637681,0.013448197361450013,-0.5156078873286595,-0.35913016952557447,-0.3977247362162701,-0.48160813546853787,Rendah,Rendah
SCB-ORD0110,SCB-CUST168,Laki-laki,Takalar,Rumah Tangga,Kartu Kredit,2,696122.0,0,4.0,4.0,1392244.0,1392244.0,Sedang,Normal,0.27498922170569357,0.013513513513513514,0.043478260869565216,0.05544702978489709,-0.16983460777030127,-0.1394786896934188,-0.17208147612795643,-0.18468734379492832,Rendah,Sedang
SCB-ORD0111,SCB-CUST202,Laki-laki,Maros,Makanan,E-Wallet,5,10055.0,30,4.0,4.3,35192.0,35192.5,Rendah,Normal,0.0,0.05405405405405406,0.043478260869565216,0.0010952838910802312,-1.059652373045225,0.5194757498030482,-0.17208147612795643,-0.5689400119863744,Rendah,Rendah
SCB-ORD0112,SCB-CUST021,Laki-laki,Makassar,Rumah Tangga,E-Wallet,2,48208.0,5,6.0,2.9,91595.0,91595.2,Rendah,Lambat,0.015292476938458381,0.013513513513513514,0.07246376811594203,0.00335429940680767,-1.0101685512048886,-0.1394786896934188,0.2792050440486708,-0.5529693614556637,Rendah,Rendah
SCB-ORD0113,SCB-CUST182,Laki-laki,Bone,Fashion,E-Wallet,2,192595.0,0,1.0,4.2,385190.0,385190.0,Rendah,Cepat,0.07316564202936056,0.013513513513513514,0.0,0.01511317145864884,-0.8229009553654874,-0.1394786896934188,-0.8490112563928973,-0.4698372028370789,Rendah,Rendah
SCB-ORD0114,SCB-CUST047,Perempuan,Takalar,Makanan,Kartu Kredit,1,241626.0,30,5.0,3.2,169138.0,169138.19999999998,Rendah,Normal,0.09281823649819794,0.0,0.057971014492753624,0.006460000169817666,-0.7593085440569785,-0.35913016952557447,0.05356178396035719,-0.5310128670475133,Rendah,Rendah
SCB-ORD0115,SCB-CUST009,Perempuan,Makassar,Rumah Tangga,Transfer Bank,2,1835987.0,20,1.0,3.6,2937579.0,2937579.2,Tinggi,Cepat,0.7318696564147824,0.013513513513513514,0.0,0.1173397614125882,1.3085517991186775,-0.1394786896934188,-0.8490112563928973,0.2528781267984081,Rendah,Tinggi
SCB-ORD0116,SCB-CUST184,Laki-laki,Takalar,Fashion,Kartu Kredit,5,510870.0,10,5.0,4.0,2298915.0,2298915.0,Tinggi,Normal,0.20073655644206315,0.05405405405405406,0.057971014492753624,0.09176041482931162,-0.41010344543879457,0.5194757498030482,0.05356178396035719,0.07203881770942569,Rendah,Tinggi
SCB-ORD0117,SCB-CUST092,Laki-laki,Gowa,Rumah Tangga,COD,1,1685726.0,5,2.0,5.0,1601440.0,1601439.7,Sedang,Cepat,0.6716420759558488,0.0,0.014492753623188406,0.06382560911273634,1.113665720604516,-0.35913016952557447,-0.6233679963045837,-0.12545297313339307,Rendah,Tinggi
SCB-ORD0118,SCB-CUST135,Perempuan,Parepare,Makanan,Transfer Bank,2,205332.0,20,2.0,4.4,328531.0,328531.2,Rendah,Cepat,0.07827088352452855,0.013513513513513514,0.014492753623188406,0.012843902800854023,-0.8063812730657897,-0.1394786896934188,-0.6233679963045837,-0.485880340408122,Rendah,Rendah
SCB-ORD0119,SCB-CUST137,Laki-laki,Gowa,Rumah Tangga,Kartu Kredit,1,1270619.0,20,6.0,3.9,1016495.0,1016495.2000000001,Sedang,Lambat,0.5052589809307487,0.0,0.07246376811594203,0.040397780258824546,0.5752786780999533,-0.35913016952557447,0.2792050440486708,-0.2910816130051485,Rendah,Sedang
SCB-ORD0120,SCB-CUST118,Perempuan,Parepare,Makanan,Transfer Bank,1,33722.0,15,4.0,4.4,28664.0,28663.7,Rendah,Normal,0.009486201653932706,0.0,0.043478260869565216,0.000833828768362136,-1.0289566581212284,-0.35913016952557447,-0.17208147612795643,-0.5707884315148477,Rendah,Rendah
SCB-ORD0122,SCB-CUST118,Laki-laki,Parepare,Elektronik,Kartu Kredit,1,2504941.875,5,4.0,3.6,2770638.0,2379694.78125,Tinggi,Normal,1.0,0.0,0.043478260869565216,0.11065355129590905,2.176175415969898,-0.35913016952557447,-0.17208147612795643,0.20560836507921956,Rendah,Tinggi
SCB-ORD0123,SCB-CUST211,Laki-laki,Takalar,Kesehatan,E-Wallet,1,837335.0,5,7.0,5.0,795468.0,795468.25,Sedang,Lambat,0.3315901848255144,0.0,0.08695652173913045,0.03154535357239495,0.013316361577835029,-0.35913016952557447,0.5048483041369844,-0.35366596090954033,Rendah,Sedang
SCB-ORD0124,SCB-CUST158,Laki-laki,Parepare,Rumah Tangga,COD,2,1037505.0,10,3.0,4.1,1867509.0,1867509.0,Sedang,Cepat,0.41182227951718253,0.013513513513513514,0.02898550724637681,0.07448202808431736,0.27293360315202747,-0.1394786896934188,-0.3977247362162701,-0.050114870265536945,Rendah,Tinggi
SCB-ORD0125,SCB-CUST065,Perempuan,Makassar,Elektronik,E-Wallet,1,2184637.0,25,2.0,4.5,1638478.0,1638477.75,Sedang,Cepat,0.8716154715431738,0.0,0.014492753623188406,0.06530903050293745,1.7607451911096963,-0.35913016952557447,-0.6233679963045837,-0.11496557079031794,Rendah,Tinggi
SCB-ORD0126,SCB-CUST086,Laki-laki,Maros,Rumah Tangga,Transfer Bank,2,748993.0,15,4.0,4.5,1273288.0,1273288.0999999999,Sedang,Normal,0.29618096411686,0.013513513513513514,0.043478260869565216,0.050682683035807974,-0.10126177877859856,-0.1394786896934188,-0.17208147612795643,-0.21837003273933256,Rendah,Sedang
SCB-ORD0127,SCB-CUST052,Perempuan,Maros,Fashion,COD,1,230767.0,10,50.0,4.8,207690.0,207690.30000000002,Rendah,Lambat,0.08846573454357524,0.0,0.7101449275362319,0.008004059283026613,-0.7733924908334893,-0.35913016952557447,10.20750848793447,-0.5200967718174729,Rendah,Rendah
SCB-ORD0128,SCB-CUST164,Perempuan,Makassar,Rumah Tangga,Kartu Kredit,1,755222.0,30,4.0,4.7,528655.0,528655.4,Sedang,Normal,0.29867767050560157,0.0,0.043478260869565216,0.020859136406680627,-0.09318286686489698,-0.35913016952557447,-0.17208147612795643,-0.4292147292383621,Rendah,Sedang
SCB-ORD0129,SCB-CUST207,Perempuan,Bone,Rumah Tangga,COD,1,1729166.0,10,6.0,3.4,1556249.0,1556249.4000000001,Sedang,Lambat,0.6890536870534462,0.0,0.07246376811594203,0.06201564917849102,1.1700066956456456,-0.35913016952557447,0.2792050440486708,-0.13824891781955073,Rendah,Tinggi
SCB-ORD0130,SCB-CUST219,Laki-laki,Makassar,Rumah Tangga,Transfer Bank,1,1365205.0,0,2.0,5.0,1365205.0,1365205.0,Sedang,Cepat,0.5431709203247943,0.0,0.014492753623188406,0.05436408170536667,0.6979551851266634,-0.35913016952557447,-0.6233679963045837,-0.1923435042775248,Rendah,Sedang
SCB-ORD0131,SCB-CUST203,Laki-laki,Makassar,Makanan,COD,2,305747.0,5,3.0,3.5,580919.0,580919.2999999999,Sedang,Cepat,0.11851920139665652,0.013513513513513514,0.02898550724637681,0.022952379441873418,-0.676144647634044,-0.1394786896934188,-0.3977247362162701,-0.41441604691052375,Rendah,Sedang
SCB-ORD0132,SCB-CUST077,Laki-laki,Takalar,Fashion,COD,1,387608.0,25,7.0,4.3,290706.0,290706.0,Rendah,Lambat,0.15133070913285399,0.0,0.08695652173913045,0.011328961009062978,-0.5699722591017716,-0.35913016952557447,0.5048483041369844,-0.49659058376971865,Rendah,Rendah
SCB-ORD0133,SCB-CUST216,Perempuan,Maros,Makanan,E-Wallet,2,175640.0,20,5.0,4.5,281024.0,281024.0,Rendah,Normal,0.0663697427162905,0.013513513513513514,0.057971014492753624,0.01094118397196791,-0.8448913152140682,-0.1394786896934188,0.05356178396035719,-0.4993320662872858,Rendah,Rendah
SCB-ORD0135,SCB-CUST006,Laki-laki,Gowa,Makanan,COD,4,204761.0,0,4.0,4.5,819044.0,819044.0,Sedang,Normal,0.07804201543206243,0.04054054054054054,0.043478260869565216,0.03248960387466238,-0.8071218507994105,0.29982426997089257,-0.17208147612795643,-0.3469903575389388,Rendah,Sedang
SCB-ORD0136,SCB-CUST065,Laki-laki,Gowa,Kesehatan,Kartu Kredit,1,550736.0,25,9.0,4.2,413052.0,413052.0,Rendah,Lambat,0.21671563765791987,0.0,0.11594202898550725,0.016229081787872423,-0.3583978903975958,-0.35913016952557447,0.9561348243136117,-0.4619480078459142,Rendah,Rendah
SCB-ORD0137,SCB-CUST095,Perempuan,Makassar,Rumah Tangga,Kartu Kredit,1,1606135.0,5,2.0,4.2,1525828.0,1525828.25,Sedang,Cepat,0.6397404291126427,0.0,0.014492753623188406,0.06079724747992987,1.0104374852339233,-0.35913016952557447,-0.6233679963045837,-0.146862700061537,Rendah,Tinggi
SCB-ORD0138,SCB-CUST093,Perempuan,Maros,Fashion,COD,1,722952.0,25,2.0,5.0,542214.0,542214.0,Sedang,Cepat,0.2857432163131645,0.0,0.014492753623188406,0.021402192474225763,-0.13503653317652806,-0.35913016952557447,-0.6233679963045837,-0.42537546447326263,Rendah,Sedang
SCB-ORD0139,SCB-CUST198,Perempuan,Takalar,Fashion,E-Wallet,1,900454.0,20,2.0,4.2,720363.0,720363.2000000001,Sedang,Cepat,0.3568895283077715,0.0,0.014492753623188406,0.028537297967042238,0.09518068026156114,-0.35913016952557447,-0.6233679963045837,-0.3749321295195262,Rendah,Sedang
SCB-ORD0140,SCB-CUST169,Laki-laki,Makassar,Makanan,Transfer Bank,1,126540.0,5,1.0,3.7,120213.0,120213.0,Rendah,Cepat,0.04668949168286438,0.0,0.0,0.004500488546198975,-0.9085732184028221,-0.35913016952557447,-0.8490112563928973,-0.5448661031735176,Rendah,Rendah
SCB-ORD0141,SCB-CUST103,Laki-laki,Takalar,Fashion,Transfer Bank,3,910312.0,0,3.0,5.0,2730936.0,2730936.0,Tinggi,Cepat,0.3608408096659693,0.02702702702702703,0.02898550724637681,0.10906343314606931,0.10796634628263517,0.08017279013873686,-0.3977247362162701,0.1943666444726866,Rendah,Tinggi
SCB-ORD0142,SCB-CUST203,Laki-laki,Gowa,Fashion,COD,2,1187127.0,20,4.0,5.0,1899403.0,1899403.2000000002,Sedang,Normal,0.47179373613883796,0.013513513513513514,0.043478260869565216,0.07575942540110212,0.46699090903609514,-0.1394786896934188,-0.17208147612795643,-0.04108400438913871,Rendah,Tinggi
SCB-ORD0143,SCB-CUST042,Perempuan,Gowa,Makanan,COD,3,297746.0,10,2.0,4.5,803914.0,803914.2000000001,Sedang,Cepat,0.11531224236369435,0.02702702702702703,0.014492753623188406,0.031883627157945967,-0.686521814791136,0.08017279013873686,-0.6233679963045837,-0.35127445488357745,Rendah,Sedang
SCB-ORD0144,SCB-CUST204,Laki-laki,Takalar,Fashion,Kartu Kredit,1,563331.0,25,3.0,3.9,422498.0,422498.25,Rendah,Cepat,0.22176396274480384,0.0,0.02898550724637681,0.01660740670962413,-0.34206237979347454,-0.35913016952557447,-0.3977247362162701,-0.4592733493186534,Rendah,Rendah
SCB-ORD0145,SCB-CUST202,Perempuan,Gowa,Fashion,COD,1,240163.0,5,5.0,5.0,228155.0,228154.84999999998,Rendah,Normal,0.09223183716496164,0.0,0.057971014492753624,0.008823709878373704,-0.7612060313149245,-0.35913016952557447,0.05356178396035719,-0.5143020558784095,Rendah,Rendah
SCB-ORD0146,SCB-CUST002,Perempuan,Bone,Fashion,E-Wallet,1,869850.0,5,8.0,3.0,826358.0,826357.5,Sedang,Lambat,0.3446228398632303,0.0,0.10144927536231885,0.03278253934763422,0.05548778891352403,-0.35913016952557447,0.730491564225298,-0.3449193801444453,Rendah,Sedang
SCB-ORD0147,SCB-CUST163,Perempuan,Maros,Rumah Tangga,Transfer Bank,4,55862.0,30,5.0,4.1,156414.0,156413.59999999998,Rendah,Normal,0.01836035150892363,0.04054054054054054,0.057971014492753624,0.005950386968000104,-1.0002414374165642,0.29982426997089257,0.05356178396035719,-0.534615699474029,Rendah,Rendah
SCB-ORD0148,SCB-CUST022,Laki-laki,Maros,Kesehatan,E-Wallet,2,293013.0,10,6.0,4.1,527423.0,527423.4,Sedang,Lambat,0.11341516236081847,0.013513513513513514,0.07246376811594203,0.020809793160481378,-0.6926604389824267,-0.1394786896934188,0.2792050440486708,-0.4295635731199613,Rendah,Sedang
SCB-ORD0149,SCB-CUST211,Laki-laki,Parepare,Elektronik,Transfer Bank,1,1684732.0,30,2.0,4.3,1179312.0,1179312.4,Sedang,Cepat,0.6712436610978605,0.0,0.014492753623188406,0.04691881866501206,1.1123765187354808,-0.35913016952557447,-0.6233679963045837,-0.24497957220131292,Rendah,Sedang
SCB-ORD0150,SCB-CUST143,Perempuan,Takalar,Kesehatan,Transfer Bank,3,361650.0,30,7.0,4.6,759465.0,759465.0,Sedang,Lambat,0.14092622937062027,0.02702702702702703,0.08695652173913045,0.030103385315161563,-0.6036393638466528,0.08017279013873686,0.5048483041369844,-0.36386030041377204,Rendah,Sedang
SCB-ORD0151,SCB-CUST050,Laki-laki,Takalar,Makanan,COD,1,126561.0,10,8.0,4.3,113905.0,113904.90000000001,Rendah,Lambat,0.04669790889817399,0.0,0.10144927536231885,0.004247844717445032,-0.9085459817436171,-0.35913016952557447,0.730491564225298,-0.5466522291517054,Rendah,Rendah
SCB-ORD0153,SCB-CUST177,Laki-laki,Makassar,Kesehatan,COD,3,481434.0,10,8.0,4.2,1299872.0,1299871.8,Sedang,Lambat,0.18893802549664704,0.02702702702702703,0.10144927536231885,0.05174740775736708,-0.4482814597415269,0.08017279013873686,0.730491564225298,-0.21084270664482668,Rendah,Sedang
SCB-ORD0154,SCB-CUST050,Laki-laki,Maros,Makanan,E-Wallet,4,79146.0,100,5.0,2.8,237438.0,0.0,Rendah,Normal,0.027693039188400076,0.04054054054054054,0.057971014492753624,0.009195506432324698,-0.9700424672771153,0.29982426997089257,0.05356178396035719,-0.5116735512088603,Rendah,Rendah
SCB-ORD0155,SCB-CUST050,Perempuan,Maros,Fashion,Kartu Kredit,4,399102.0,5,3.0,5.0,1516588.0,1516587.5999999999,Sedang,Cepat,0.15593773164564828,0.04054054054054054,0.02898550724637681,0.06042717313343551,-0.5550647276302535,0.29982426997089257,-0.3977247362162701,-0.14947902917353048,Rendah,Tinggi
SCB-ORD0156,SCB-CUST012,Perempuan,Gowa,Fashion,E-Wallet,5,303739.0,5,3.0,5.0,1442760.0,1442760.25,Sedang,Cepat,0.11771435528514695,0.05405405405405406,0.02898550724637681,0.057470263084411076,-0.6787489910475474,0.5194757498030482,-0.3977247362162701,-0.17038361203935884,Rendah,Sedang
SCB-ORD0157,SCB-CUST048,Perempuan,Maros,Makanan,Kartu Kredit,2,189959.0,10,6.0,4.6,341926.0,341926.2,Rendah,Lambat,0.07210908109811592,0.013513513513513514,0.07246376811594203,0.013380390449262248,-0.8263198045875965,-0.1394786896934188,0.2792050440486708,-0.48208751265323535,Rendah,Rendah
SCB-ORD0158,SCB-CUST084,Perempuan,Maros,Fashion,COD,5,859198.0,20,1.0,4.7,3436792.0,3436792.0,Tinggi,Cepat,0.34035330760237376,0.05405405405405406,0.0,0.13733390911134255,0.04167231777774795,0.5194757498030482,-0.8490112563928973,0.3942315364288838,Rendah,Tinggi
SCB-ORD0159,SCB-CUST110,Perempuan,Gowa,Rumah Tangga,E-Wallet,1,1959054.0,0,2.0,3.0,1959054.0,1959054.0,Sedang,Cepat,0.7811973438675451,0.0,0.014492753623188406,0.0781485276568094,1.46816770094618,-0.35913016952557447,-0.6233679963045837,-0.024193674534212038,Rendah,Tinggi
SCB-ORD0160,SCB-CUST078,Laki-laki,Makassar,Makanan,COD,3,202930.0,15,4.0,5.0,517472.0,517471.5,Sedang,Normal,0.07730811442101959,0.02702702702702703,0.043478260869565216,0.02041124231394833,-0.8094966280853292,0.08017279013873686,-0.17208147612795643,-0.4323812236603776,Rendah,Sedang
SCB-ORD0161,SCB-CUST111,Laki-laki,Takalar,Makanan,Kartu Kredit,2,141827.0,20,3.0,4.9,226923.0,226923.2,Rendah,Cepat,0.052816823608485254,0.013513513513513514,0.02898550724637681,0.008774366632174457,-0.8887462274853785,-0.1394786896934188,-0.3977247362162701,-0.5146508997600087,Rendah,Rendah
SCB-ORD0162,SCB-CUST177,Perempuan,Makassar,Kesehatan,E-Wallet,2,357360.0,5,5.0,4.3,678984.0,678984.0,Sedang,Normal,0.13920671252879954,0.013513513513513514,0.057971014492753624,0.026880013726393943,-0.609203424227096,-0.1394786896934188,0.05356178396035719,-0.38664869687073594,Rendah,Sedang
SCB-ORD0163,SCB-CUST073,Laki-laki,Makassar,Makanan,Kartu Kredit,1,165921.0,10,8.0,2.8,149329.0,149328.9,Rendah,Lambat,0.06247417530704674,0.0,0.10144927536231885,0.005666623251018225,-0.8574967004908809,-0.35913016952557447,0.730491564225298,-0.5366218349457252,Rendah,Rendah
SCB-ORD0164,SCB-CUST128,Perempuan,Gowa,Fashion,Kartu Kredit,1,901386.0,25,5.0,4.5,676040.0,676039.5,Sedang,Normal,0.35726309233960757,0.0,0.057971014492753624,0.026762102592619116,0.09638946913675296,-0.35913016952557447,0.05356178396035719,-0.38748229783455723,Rendah,Sedang
SCB-ORD0166,SCB-CUST089,Perempuan,Takalar,Makanan,E-Wallet,2,269096.0,30,6.0,3.5,376734.0,376734.39999999997,Rendah,Lambat,0.10382875576272371,0.013513513513513514,0.07246376811594203,0.014774497359735815,-0.7236803998493396,-0.1394786896934188,0.2792050440486708,-0.47223154038805476,Rendah,Rendah
SCB-ORD0167,SCB-CUST099,Laki-laki,Bone,Rumah Tangga,COD,3,1780266.0,30,5.0,3.4,3738559.0,3738558.5999999996,Tinggi,Normal,0.7095355776401686,0.02702702702702703,0.057971014492753624,0.14942008068261575,1.2362825663777295,0.08017279013873686,0.05356178396035719,0.47967761728807573,Rendah,Tinggi
SCB-ORD0168,SCB-CUST041,Perempuan,Makassar,Elektronik,Transfer Bank,1,2504941.875,5,6.0,3.5,5489382.0,2379694.78125,Tinggi,Lambat,1.0,0.0,0.07246376811594203,0.21954288128351396,2.176175415969898,-0.35913016952557447,0.2792050440486708,0.9754275290681345,Rendah,Tinggi
SCB-ORD0169,SCB-CUST059,Laki-laki,Takalar,Elektronik,E-Wallet,3,2504941.875,10,7.0,4.9,12434148.0,6763343.0625,Tinggi,Lambat,1.0,0.02702702702702703,0.08695652173913045,0.4976900391846253,2.176175415969898,0.08017279013873686,0.5048483041369844,2.941855392897403,Sedang,Tinggi
SCB-ORD0170,SCB-CUST190,Perempuan,Bone,Fashion,E-Wallet,4,1029644.0,5,6.0,4.7,3912647.0,3912647.1999999997,Tinggi,Lambat,0.40867143525295113,0.04054054054054054,0.07246376811594203,0.15639253769912123,0.26273801372296857,0.29982426997089257,0.2792050440486708,0.5289710699340411,Rendah,Tinggi
SCB-ORD0171,SCB-CUST114,Laki-laki,Parepare,Makanan,E-Wallet,4,333408.0,30,4.0,3.9,933542.0,933542.3999999999,Sedang,Normal,0.1296062772385221,0.04054054054054054,0.043478260869565216,0.03707540176696883,-0.6402687795260171,0.29982426997089257,-0.17208147612795643,-0.31456996244532104,Rendah,Sedang
SCB-ORD0172,SCB-CUST048,Laki-laki,Maros,Kesehatan,E-Wallet,2,629939.0,30,3.0,3.8,881915.0,881914.6,Sedang,Cepat,0.24846176642778647,0.013513513513513514,0.02898550724637681,0.03500767143293588,-0.25567288473040906,-0.1394786896934188,-0.3977247362162701,-0.3291882766298326,Rendah,Sedang
SCB-ORD0173,SCB-CUST019,Laki-laki,Maros,Makanan,E-Wallet,2,35332.0,10,2.0,4.8,63598.0,63597.6,Rendah,Cepat,0.010131521494336292,0.013513513513513514,0.014492753623188406,0.0022329821471969913,-1.0268685142488476,-0.1394786896934188,-0.6233679963045837,-0.5608967820345035,Rendah,Rendah
SCB-ORD0174,SCB-CUST162,Perempuan,Bone,Elektronik,COD,1,2504941.875,30,5.0,3.9,2600074.0,1753459.3125,Tinggi,Normal,1.0,0.0,0.057971014492753624,0.1038222351881748,2.176175415969898,-0.35913016952557447,0.05356178396035719,0.15731274184782842,Rendah,Tinggi
SCB-ORD0175,SCB-CUST210,Laki-laki,takalar,Fashion,Kartu Kredit,1,293035.0,30,3.0,5.0,205124.0,205124.5,Rendah,Cepat,0.11342398039590473,0.0,0.02898550724637681,0.007901287554335647,-0.6926319053394501,-0.35913016952557447,-0.3977247362162701,-0.5208233411358036,Rendah,Rendah
SCB-ORD0176,SCB-CUST099,Laki-laki,Maros,Rumah Tangga,Transfer Bank,3,1978809.0,30,6.0,4.0,4155499.0,4155498.9,Tinggi,Lambat,0.7891155385552302,0.02702702702702703,0.07246376811594203,0.16611908479813084,1.4937896153554229,0.08017279013873686,0.2792050440486708,0.5977352211792616,Rendah,Tinggi
SCB-ORD0177,SCB-CUST198,Laki-laki,Takalar,Elektronik,COD,5,2504941.875,15,2.0,4.7,21570446.0,10646002.96875,Tinggi,Cepat,1.0,0.05405405405405406,0.014492753623188406,0.8636109820123041,2.176175415969898,0.5194757498030482,-0.6233679963045837,5.528821024201267,Tinggi,Tinggi
SCB-ORD0178,SCB-CUST121,Laki-laki,Parepare,Kesehatan,Transfer Bank,1,738337.0,10,3.0,3.9,664503.0,664503.3,Sedang,Cepat,0.2919098285768969,0.0,0.02898550724637681,0.02630003032687177,-0.1150824378494613,-0.35913016952557447,-0.3977247362162701,-0.39074902824203217,Rendah,Sedang
SCB-ORD0180,SCB-CUST005,Perempuan,Maros,Kesehatan,COD,1,470141.0,5,8.0,3.5,446634.0,446633.94999999995,Rendah,Lambat,0.18441156775895903,0.0,0.10144927536231885,0.01757408576016395,-0.46292829747494024,-0.35913016952557447,0.730491564225298,-0.45243918054732496,Rendah,Rendah
SCB-ORD0181,SCB-CUST094,Perempuan,Makassar,Rumah Tangga,Kartu Kredit,1,1616786.0,5,2.0,3.9,1535947.0,1535946.7,Sedang,Cepat,0.6440095605537226,0.0,0.014492753623188406,0.06120252695094464,1.0242516593859277,-0.35913016952557447,-0.6233679963045837,-0.14399747990090261,Rendah,Tinggi
SCB-ORD0182,SCB-CUST145,Laki-laki,Bone,Makanan,Kartu Kredit,3,318952.0,10,5.0,4.2,861170.0,861170.4,Sedang,Normal,0.12381202654729585,0.02702702702702703,0.057971014492753624,0.03417680646345259,-0.659017976929207,0.08017279013873686,0.05356178396035719,-0.33506227526925947,Rendah,Sedang
SCB-ORD0183,SCB-CUST161,Laki-laki,Bone,Fashion,Transfer Bank,1,266298.0,20,1.0,3.6,213038.0,213038.40000000002,Rendah,Cepat,0.10270726202766207,0.0,0.0,0.008218253829027895,-0.7273093604424584,-0.35913016952557447,-0.8490112563928973,-0.5185824722405313,Rendah,Rendah
SCB-ORD0184,SCB-CUST170,Laki-laki,Takalar,Rumah Tangga,E-Wallet,1,1092298.0,25,8.0,4.5,819224.0,819223.5,Sedang,Lambat,0.4337843975390668,0.0,0.10144927536231885,0.03249681311517851,0.34399923495287044,-0.35913016952557447,0.730491564225298,-0.34693939008870517,Rendah,Sedang
SCB-ORD0185,SCB-CUST167,Perempuan,Makassar,Kesehatan,E-Wallet,1,524962.0,30,5.0,3.1,367473.0,367473.39999999997,Rendah,Normal,0.20638490873458945,0.0,0.057971014492753624,0.014403581935181238,-0.3918263501284907,-0.35913016952557447,0.05356178396035719,-0.4748538157025755,Rendah,Rendah
SCB-ORD0186,SCB-CUST134,Perempuan,Makassar,Kesehatan,E-Wallet,1,485200.0,10,4.0,4.5,436680.0,436680.0,Rendah,Normal,0.19044751277550412,0.0,0.043478260869565216,0.017175414759622296,-0.4433970188574363,-0.35913016952557447,-0.17208147612795643,-0.4552576805452452,Rendah,Rendah
SCB-ORD0187,SCB-CUST172,Laki-laki,Bone,Fashion,Kartu Kredit,3,517182.0,20,6.0,3.9,1241237.0,1241236.8,Sedang,Lambat,0.20326653087226654,0.02702702702702703,0.07246376811594203,0.049398997659239705,-0.4019168838720448,0.08017279013873686,0.2792050440486708,-0.2274453535584346,Rendah,Sedang
SCB-ORD0188,SCB-CUST035,Laki-laki,Takalar,Elektronik,Transfer Bank,3,1491112.0,30,5.0,5.0,3131335.0,3131335.1999999997,Tinggi,Normal,0.593636935943238,0.02702702702702703,0.057971014492753624,0.12509994810948882,0.8612545208656944,0.08017279013873686,0.05356178396035719,0.30774062283990233,Rendah,Tinggi
SCB-ORD0189,SCB-CUST047,Laki-laki,Makassar,Makanan,Kartu Kredit,1,302190.0,0,2.0,3.4,302190.0,302190.0,Rendah,Cepat,0.1170934854511189,0.0,0.014492753623188406,0.011788910553991686,-0.6807580189098565,-0.35913016952557447,-0.6233679963045837,-0.49333886044481245,Rendah,Rendah
SCB-ORD0190,SCB-CUST084,Perempuan,Takalar,Makanan,Transfer Bank,1,311430.0,15,2.0,4.3,264716.0,264715.5,Rendah,Cepat,0.12079706018734818,0.0,0.014492753623188406,0.01028802678120708,-0.6687738888596715,-0.35913016952557447,-0.6233679963045837,-0.5039497172784535,Rendah,Rendah
SCB-ORD0192,SCB-CUST059,Perempuan,Takalar,Kesehatan,Kartu Kredit,5,292351.0,10,4.0,3.9,1315580.0,1315579.5,Sedang,Normal,0.11314981966867736,0.05405405405405406,0.043478260869565216,0.0523765341464075,-0.693519042239269,0.5194757498030482,-0.17208147612795643,-0.2063949471544378,Rendah,Sedang
SCB-ORD0193,SCB-CUST085,Perempuan,Makassar,Fashion,Kartu Kredit,2,315345.0,10,8.0,4.1,567621.0,567621.0,Sedang,Lambat,0.12236626961292583,0.013513513513513514,0.10144927536231885,0.02241977677307666,-0.6636961973936029,-0.1394786896934188,0.730491564225298,-0.4181814088727845,Rendah,Sedang
SCB-ORD0194,SCB-CUST155,Laki-laki,Parepare,Makanan,E-Wallet,2,289136.0,30,6.0,5.0,404790.0,404790.39999999997,Rendah,Lambat,0.11186118408675344,0.013513513513513514,0.07246376811594203,0.015898177648182334,-0.697688845065172,-0.1394786896934188,0.2792050440486708,-0.46428741381163824,Rendah,Rendah
SCB-ORD0195,SCB-CUST013,Perempuan,Takalar,Elektronik,Transfer Bank,1,1738849.0,15,3.0,5.0,1478022.0,1478021.65,Sedang,Cepat,0.6929348249507306,0.0,0.02898550724637681,0.05888255330151975,1.1825653895066783,-0.35913016952557447,-0.3977247362162701,-0.16039908853858895,Rendah,Tinggi
SCB-ORD0196,SCB-CUST104,Laki-laki,Parepare,Fashion,COD,1,484763.0,0,2.0,4.2,484763.0,484763.0,Rendah,Cepat,0.19027235453310887,0.0,0.014492753623188406,0.019101203158160003,-0.44396380076565395,-0.35913016952557447,-0.6233679963045837,-0.4416428588253337,Rendah,Rendah
SCB-ORD0197,SCB-CUST089,Laki-laki,Maros,Fashion,Kartu Kredit,1,877406.0,15,4.0,4.7,745795.0,745795.1,Sedang,Normal,0.347651434095584,0.0,0.043478260869565216,0.02955588354929815,0.06528779829222513,-0.35913016952557447,-0.17208147612795643,-0.36773099510651563,Rendah,Sedang
SCB-ORD0198,SCB-CUST162,Perempuan,Maros,Fashion,COD,1,371373.0,20,5.0,4.1,297098.0,297098.4,Rendah,Normal,0.14482340005897062,0.0,0.057971014492753624,0.01158496915005778,-0.5910287906347537,-0.35913016952557447,0.05356178396035719,-0.49478067298142187,Rendah,Rendah
SCB-ORD0199,SCB-CUST104,Perempuan,Parepare,Rumah Tangga,COD,2,609841.0,30,7.0,4.2,853777.0,853777.3999999999,Sedang,Lambat,0.24040609055671114,0.013513513513513514,0.08695652173913045,0.0338807069349209,-0.28173966457333316,-0.1394786896934188,0.5048483041369844,-0.33715562171135555,Rendah,Sedang
SCB-ORD0200,SCB-CUST085,Perempuan,Gowa,Kesehatan,COD,3,501656.0,0,5.0,5.0,1504968.0,1504968.0,Sedang,Normal,0.19704340302002674,0.02702702702702703,0.057971014492753624,0.05996177660678351,-0.4220538539109163,0.08017279013873686,0.05356178396035719,-0.1527692612386132,Rendah,Tinggi
SCB-ORD0201,SCB-CUST090,Perempuan,Parepare,Elektronik,Transfer Bank,5,420252.0,25,5.0,4.2,1575945.0,1575945.0,Sedang,Normal,0.1644150699217575,0.05405405405405406,0.057971014492753624,0.06280450029629979,-0.5276335208595377,0.5194757498030482,0.05356178396035719,-0.13267194615398542,Rendah,Tinggi
SCB-ORD0202,SCB-CUST122,Laki-laki,Parepare,Elektronik,bank transfer,3,2504941.875,15,4.0,4.3,9911774.0,6387601.78125,Tinggi,Normal,1.0,0.02702702702702703,0.043478260869565216,0.3966655900867496,2.176175415969898,0.08017279013873686,-0.17208147612795643,2.2276388855883753,Sedang,Tinggi
SCB-ORD0203,SCB-CUST124,Perempuan,Maros,Rumah Tangga,Kartu Kredit,3,78345.0,5,5.0,2.7,223283.0,223283.25,Rendah,Normal,0.027371982547304878,0.02702702702702703,0.057971014492753624,0.00862857976840395,-0.971081351278219,0.08017279013873686,0.05356178396035719,-0.5156815748647333,Rendah,Rendah
SCB-ORD0204,SCB-CUST209,Perempuan,Maros,Makanan,E-Wallet,4,202256.0,30,3.0,3.2,566317.0,566316.7999999999,Sedang,Cepat,0.07703796189155872,0.04054054054054054,0.02898550724637681,0.022367549830670963,-0.8103707951474314,0.29982426997089257,-0.3977247362162701,-0.4185506397344771,Rendah,Sedang
SCB-ORD0205,SCB-CUST091,Laki-laki,Parepare,Fashion,Transfer Bank,2,1022599.0,10,8.0,3.6,1840678.0,1840678.2,Sedang,Lambat,0.4058476599264646,0.013513513513513514,0.10144927536231885,0.07340741068271668,0.2536007630515883,-0.1394786896934188,0.730491564225298,-0.05771213502786344,Rendah,Tinggi
SCB-ORD0207,SCB-CUST014,Perempuan,Takalar,Makanan,Transfer Bank,3,20542.0,30,3.0,4.6,43138.0,43138.2,Rendah,Cepat,0.004203396997709566,0.02702702702702703,0.02898550724637681,0.0014135318085309028,-1.0460509042317738,0.08017279013873686,-0.3977247362162701,-0.5666900822110605,Rendah,Rendah
SCB-ORD0208,SCB-CUST074,Laki-laki,Maros,Kesehatan,E-Wallet,2,437047.0,20,8.0,4.2,699275.0,699275.2000000001,Sedang,Lambat,0.17114683807056386,0.013513513513513514,0.10144927536231885,0.027692695389242118,-0.5058506784144233,-0.1394786896934188,0.730491564225298,-0.3809032494668983,Rendah,Sedang
SCB-ORD0209,SCB-CUST210,Perempuan,Makassar,Fashion,COD,3,404470.0,5,3.0,4.8,1152740.0,1152739.5,Sedang,Cepat,0.15808933220669577,0.02702702702702703,0.02898550724637681,0.04585457455948737,-0.5481025187439555,0.08017279013873686,-0.3977247362162701,-0.2525035004658032,Rendah,Sedang
SCB-ORD0210,SCB-CUST087,Laki-laki,Gowa,Rumah Tangga,Kartu Kredit,2,610927.0,0,2.0,3.0,1221854.0,1221854.0,Sedang,Cepat,0.24084138083415108,0.013513513513513514,0.014492753623188406,0.04862268260966176,-0.28033114019730493,-0.1394786896934188,-0.6233679963045837,-0.23293369849109363,Rendah,Sedang
SCB-ORD0211,SCB-CUST171,Laki-laki,Parepare,Elektronik,Transfer Bank,2,1796733.0,15,3.0,3.6,3054446.0,3054446.1,Tinggi,Cepat,0.7161358769022343,0.013513513513513514,0.02898550724637681,0.12202044092035408,1.2576399981457378,-0.1394786896934188,-0.3977247362162701,0.2859693101676008,Rendah,Tinggi
SCB-ORD0212,SCB-CUST202,Perempuan,Bone,Fashion,E-Wallet,4,1153750.0,25,4.0,4.5,3461250.0,3461250.0,Tinggi,Normal,0.45841557445365133,0.04054054054054054,0.043478260869565216,0.138313484692139,0.4237014816892309,0.29982426997089257,-0.17208147612795643,0.4011568803056302,Rendah,Tinggi
SCB-ORD0213,SCB-CUST195,Perempuan,Maros,Makanan,Transfer Bank,4,242291.0,25,5.0,3.6,726873.0,726873.0,Sedang,Normal,0.09308478164966899,0.04054054054054054,0.057971014492753624,0.02879803216570872,-0.7584460498488212,0.29982426997089257,0.05356178396035719,-0.37308880673607625,Rendah,Sedang
SCB-ORD0214,SCB-CUST181,Laki-laki,Bone,Kesehatan,COD,3,203249.0,15,5.0,4.0,518285.0,518284.95,Sedang,Normal,0.07743597592977036,0.02702702702702703,0.057971014492753624,0.02044380405027949,-0.809082890262168,0.08017279013873686,0.05356178396035719,-0.4321510206768224,Rendah,Sedang
SCB-ORD0215,SCB-CUST150,Laki-laki,Maros,Makanan,E-Wallet,2,306320.0,5,8.0,4.2,777777.0,582008.0,Sedang,Lambat,0.11874887112867592,0.013513513513513514,0.10144927536231885,0.03083680538366857,-0.6754014759328799,-0.1394786896934188,0.730491564225298,-0.35867521181000317,Rendah,Sedang
SCB-ORD0216,SCB-CUST070,Laki-laki,Parepare,Rumah Tangga,Kartu Kredit,3,818284.0,15,8.0,4.5,2086624.0,2086624.2,Tinggi,Lambat,0.32395416726058973,0.02702702702702703,0.10144927536231885,0.08325787661593125,-0.011392476256155783,0.08017279013873686,0.730491564225298,0.011928090056373127,Rendah,Tinggi
SCB-ORD0217,SCB-CUST067,Perempuan,Bone,Elektronik,Kartu Kredit,1,2504941.875,25,1.0,4.0,2074250.0,1878706.40625,Tinggi,Cepat,1.0,0.0,0.0,0.08276228138178392,2.176175415969898,-0.35913016952557447,-0.8490112563928973,0.008424361005311744,Rendah,Tinggi
SCB-ORD0218,SCB-CUST046,Perempuan,Parepare,Kesehatan,Transfer Bank,2,871186.0,20,2.0,3.6,1393898.0,1393897.6,Sedang,Cepat,0.34515833508483224,0.013513513513513514,0.014492753623188406,0.055513274694973025,0.057220559232468535,-0.1394786896934188,-0.6233679963045837,-0.18421900955778145,Rendah,Sedang
SCB-ORD0220,SCB-CUST074,Perempuan,Maros,Kesehatan,Transfer Bank,4,48261.0,0,7.0,3.8,193044.0,193044.0,Rendah,Lambat,0.015313720386620737,0.04054054054054054,0.08695652173913045,0.007417467413031327,-1.0100998110649904,0.29982426997089257,0.5048483041369844,-0.5242438233514833,Rendah,Rendah
SCB-ORD0221,SCB-CUST127,Laki-laki,Bone,Fashion,Transfer Bank,3,64454.0,5,7.0,3.7,183694.0,183693.9,Rendah,Lambat,0.02180419502988487,0.02702702702702703,0.08695652173913045,0.007042987419554889,-0.9890977528504182,0.08017279013873686,0.5048483041369844,-0.5268912992386197,Rendah,Rendah
SCB-ORD0222,SCB-CUST082,Perempuan,Bone,Rumah Tangga,Kartu Kredit,2,470640.0,30,5.0,4.4,658896.0,658896.0,Sedang,Normal,0.18461157682750648,0.013513513513513514,0.057971014492753624,0.02607546248479451,-0.4622811025728794,-0.1394786896934188,0.05356178396035719,-0.39233666431681,Rendah,Sedang
SCB-ORD0223,SCB-CUST192,Laki-laki,Parepare,Rumah Tangga,Transfer Bank,5,106369.0,10,4.0,3.9,478660.0,478660.5,Rendah,Normal,0.03860455596809374,0.05405405405405406,0.043478260869565216,0.018856769853327203,-0.9347346780610778,0.5194757498030482,-0.17208147612795643,-0.4433709385407554,Rendah,Rendah
SCB-ORD0224,SCB-CUST106,Laki-laki,Parepare,kesehatan,COD,2,1380630.0,15,8.0,4.1,2347071.0,2347071.0,Tinggi,Lambat,0.5493535653795927,0.013513513513513514,0.10144927536231885,0.09368912697539199,0.7179611598045967,-0.1394786896934188,0.730491564225298,0.08567430956193191,Rendah,Tinggi
SCB-ORD0225,SCB-CUST063,Laki-laki,Maros,Makanan,Kartu Kredit,2,274268.0,10,5.0,3.8,493682.0,493682.4,Rendah,Normal,0.10590179564754815,0.013513513513513514,0.057971014492753624,0.019458421025733946,-0.716972399782288,-0.1394786896934188,0.05356178396035719,-0.4391174216662569,Rendah,Rendah
SCB-ORD0226,SCB-CUST194,Perempuan,Bone,Rumah Tangga,Transfer Bank,1,1516463.0,10,2.0,3.4,1364817.0,1364816.7,Sedang,Cepat,0.6037981181010462,0.0,0.014492753623188406,0.0543485417869208,0.8941343564611751,-0.35913016952557447,-0.6233679963045837,-0.19245336744802843,Rendah,Sedang
SCB-ORD0227,SCB-CUST079,Perempuan,Bone,Elektronik,COD,5,2504941.875,30,4.0,3.7,14959133.0,8767296.5625,Tinggi,Normal,1.0,0.05405405405405406,0.043478260869565216,0.598819062321321,2.176175415969898,0.5194757498030482,-0.17208147612795643,3.6568112113873195,Sedang,Tinggi
SCB-ORD0228,SCB-CUST011,Laki-laki,Takalar,Fashion,COD,1,1022451.0,15,4.0,3.6,869083.0,869083.35,Sedang,Normal,0.4057883385995207,0.0,0.043478260869565216,0.034493732686808644,0.2534088094533819,-0.35913016952557447,-0.17208147612795643,-0.33282168952648844,Rendah,Sedang
SCB-ORD0229,SCB-CUST173,Laki-laki,Takalar,Fashion,COD,2,801290.0,25,4.0,3.9,1201935.0,1201935.0,Sedang,Normal,0.3171426359762304,0.013513513513513514,0.043478260869565216,0.04782490004388024,-0.033433418471831594,-0.1394786896934188,-0.17208147612795643,-0.23857381316444837,Rendah,Sedang
SCB-ORD0230,SCB-CUST147,Perempuan,Parepare,Rumah Tangga,Transfer Bank,75,235833.0,25,3.0,4.6,353750.0,13265606.25,Rendah,Cepat,0.09049628753207498,1.0,0.02898550724637681,0.01385395744849919,-0.7668219710462341,15.895079338053945,-0.3977247362162701,-0.4787395174778879,Rendah,Rendah
SCB-ORD0231,SCB-CUST100,Perempuan,Takalar,Fashion,Kartu Kredit,2,165432.0,30,2.0,4.5,231605.0,231604.8,Rendah,Cepat,0.06227817443626578,0.013513513513513514,0.014492753623188406,0.00896188698826608,-0.8581309255552251,-0.1394786896934188,-0.6233679963045837,-0.5133251797489314,Rendah,Rendah
SCB-ORD0232,SCB-CUST046,Laki-laki,Bone,Elektronik,E-Wallet,3,2504941.875,0,3.0,4.2,16040541.0,7514825.625,Tinggi,Cepat,1.0,0.02702702702702703,0.02898550724637681,0.6421308976994352,2.176175415969898,0.08017279013873686,-0.3977247362162701,3.9630145915109813,Sedang,Tinggi
SCB-ORD0233,SCB-CUST034,Perempuan,Makassar,Fashion,Kartu Kredit,5,522077.0,20,4.0,4.1,2088308.0,2088308.0,Tinggi,Normal,0.2052285436789594,0.05405405405405406,0.043478260869565216,0.08332532306609321,-0.39556814830974435,0.5194757498030482,-0.17208147612795643,0.012404918868558951,Rendah,Tinggi
SCB-ORD0234,SCB-CUST148,Laki-laki,Makassar,Elektronik,Transfer Bank,4,328202.0,25,7.0,4.7,984606.0,984606.0,Sedang,Lambat,0.12751960948129162,0.04054054054054054,0.08695652173913045,0.03912058319872079,-0.6470208770413054,0.29982426997089257,0.5048483041369844,-0.30011106311904023,Rendah,Sedang
SCB-ORD0235,SCB-CUST171,Perempuan,Maros,Makanan,Kartu Kredit,1,117631.0,25,4.0,4.4,88223.0,88223.25,Rendah,Normal,0.04311858829270566,0.0,0.043478260869565216,0.003219246301138948,-0.9201280468245859,-0.35913016952557447,-0.17208147612795643,-0.5539241516900405,Rendah,Rendah
SCB-ORD0236,SCB-CUST042,Laki-laki,Maros,Kesehatan,Transfer Bank,2,830877.0,25,3.0,4.1,1246316.0,1246315.5,Sedang,Cepat,0.3290016907079204,0.013513513513513514,0.02898550724637681,0.049602418395803004,0.004940440380422155,-0.1394786896934188,-0.3977247362162701,-0.2260072220043421,Rendah,Sedang
SCB-ORD0237,SCB-CUST004,Laki-laki,Parepare,Rumah Tangga,Kartu Kredit,5,244231.0,30,6.0,4.7,854808.0,854808.5,Sedang,Lambat,0.09386237201636648,0.05405405405405406,0.07246376811594203,0.03392199986254381,-0.755929901331791,0.5194757498030482,0.2792050440486708,-0.3368636914825173,Rendah,Sedang
SCB-ORD0238,SCB-CUST070,Laki-laki,Gowa,Rumah Tangga,E-Wallet,4,132074.0,15,7.0,3.8,449052.0,449051.6,Rendah,Lambat,0.04890762832683546,0.04054054054054054,0.08695652173913045,0.017670929891097215,-0.9013957102104277,0.29982426997089257,0.5048483041369844,-0.4517545177991864,Rendah,Rendah
SCB-ORD0239,SCB-CUST142,Perempuan,Parepare,Kesehatan,Kartu Kredit,3,363109.0,20,2.0,4.7,871462.0,871461.6000000001,Sedang,Cepat,0.14151102542475,0.02702702702702703,0.014492753623188406,0.03458901481563008,-0.6017470645237936,0.08017279013873686,-0.6233679963045837,-0.33214806972590055,Rendah,Sedang
SCB-ORD0240,SCB-CUST175,Laki-laki,Gowa,Rumah Tangga,Kartu Kredit,1,1442594.0,30,3.0,4.6,1009816.0,1009815.7999999999,Sedang,Cepat,0.5741899620198211,0.0,0.02898550724637681,0.04013027738434015,0.7983274622320498,-0.35913016952557447,-0.3977247362162701,-0.2929727885613178,Rendah,Sedang
SCB-ORD0241,SCB-CUST078,Laki-laki,Maros,Rumah Tangga,COD,2,1638181.0,30,1.0,3.8,2293453.0,2293453.4,Tinggi,Cepat,0.6525850996751106,0.013513513513513514,0.0,0.09154165443098346,1.0520006271807012,-0.1394786896934188,-0.8490112563928973,0.07049223874733604,Rendah,Tinggi
SCB-ORD0242,SCB-CUST029,Laki-laki,Bone,Elektronik,Kartu Kredit,3,435179.0,5,4.0,4.0,1240260.0,1240260.15,Sedang,Normal,0.17039810672778502,0.02702702702702703,0.043478260869565216,0.04935986750377163,-0.5082734440998936,0.08017279013873686,-0.17208147612795643,-0.22772199355220274,Rendah,Sedang
SCB-ORD0243,SCB-CUST157,Laki-laki,Gowa,Fashion,Transfer Bank,2,857718.0,5,5.0,4.6,1629664.0,1629664.2,Sedang,Normal,0.3397600943329344,0.013513513513513514,0.057971014492753624,0.06495601802566459,0.03975278179568368,-0.1394786896934188,0.05356178396035719,-0.11746127693675847,Rendah,Tinggi
SCB-ORD0244,SCB-CUST069,Perempuan,Gowa,Rumah Tangga,COD,4,830002.0,0,6.0,3.5,3320008.0,3320008.0,Tinggi,Lambat,0.3286509734033532,0.04054054054054054,0.07246376811594203,0.13265655386448133,0.003805579580215238,0.29982426997089257,0.2792050440486708,0.36116385471729884,Rendah,Tinggi
SCB-ORD0245,SCB-CUST214,Perempuan,Bone,Fashion,Kartu Kredit,3,411072.0,20,1.0,4.9,986573.0,986572.8,Sedang,Cepat,0.16073554437212711,0.02702702702702703,0.0,0.039199364177027546,-0.5395398318834229,0.08017279013873686,-0.8490112563928973,-0.2995541021489871,Rendah,Sedang
SCB-ORD0247,SCB-CUST176,Laki-laki,Takalar,Kesehatan,COD,1,475573.0,30,5.0,3.5,332901.0,332901.1,Rendah,Normal,0.186588820785712,0.0,0.057971014492753624,0.013018927140051033,-0.4558830816272557,-0.35913016952557447,0.05356178396035719,-0.48464296397744977,Rendah,Rendah
SCB-ORD0248,SCB-CUST052,Perempuan,Parepare,Kesehatan,Transfer Bank,1,771345.0,5,6.0,3.6,732778.0,732777.75,Sedang,Lambat,0.30514008776450036,0.0,0.07246376811594203,0.029034535305973785,-0.07227159751434142,-0.35913016952557447,0.2792050440486708,-0.3714167912159116,Rendah,Sedang
SCB-ORD0249,SCB-CUST147,Laki-laki,Bone,Makanan,Kartu Kredit,4,90777.0,20,3.0,3.5,290486.0,290486.4,Rendah,Cepat,0.03235497401059517,0.04054054054054054,0.02898550724637681,0.011320149715098825,-0.9549572490288791,0.29982426997089257,-0.3977247362162701,-0.4966528773200042,Rendah,Rendah
SCB-ORD0250,SCB-CUST161,Laki-laki,Bone,Fashion,E-Wallet,1,600553.0,10,3.0,4.1,540498.0,540497.7000000001,Sedang,Cepat,0.23668327647120274,0.0,0.02898550724637681,0.021333464381305383,-0.29378604984455814,-0.35913016952557447,-0.3977247362162701,-0.42586135416549,Rendah,Sedang
SCB-ORD0251,SCB-CUST099,Perempuan,Takalar,Fashion,COD,2,520502.0,25,5.0,5.0,780753.0,780753.0,Sedang,Normal,0.20459725253073852,0.013513513513513514,0.057971014492753624,0.03095599816020182,-0.3976108977501168,-0.1394786896934188,0.05356178396035719,-0.35783254996614033,Rendah,Sedang
SCB-ORD0252,SCB-CUST201,Laki-laki,Makassar,Kesehatan,COD,5,455683.0,5,5.0,4.5,2164494.0,2164494.25,Tinggi,Normal,0.1786165154281795,0.05405405405405406,0.057971014492753624,0.08637667416587887,-0.4816800888456735,0.5194757498030482,0.05356178396035719,0.03397717533244796,Rendah,Tinggi
SCB-ORD0254,SCB-CUST197,Perempuan,Makassar,Kesehatan,COD,2,838702.0,5,5.0,3.6,1593534.0,1593533.7999999998,Sedang,Normal,0.33213810546019246,0.013513513513513514,0.057971014492753624,0.0635089632487337,0.015089338393701147,-0.1394786896934188,0.05356178396035719,-0.127691576808655,Rendah,Tinggi
SCB-ORD0255,SCB-CUST095,Laki-laki,Takalar,Kesehatan,Transfer Bank,2,601994.0,25,5.0,4.1,902991.0,902991.0,Sedang,Normal,0.2372608577693528,0.013513513513513514,0.057971014492753624,0.03585179339470159,-0.2919170962295888,-0.1394786896934188,0.05356178396035719,-0.32322055451247605,Rendah,Sedang
SCB-ORD0256,SCB-CUST046,Laki-laki,Bone,Fashion,Transfer Bank,4,856723.0,5,5.0,4.4,3255547.0,3255547.4,Tinggi,Normal,0.33936127865516946,0.04054054054054054,0.057971014492753624,0.13007480468164875,0.03846228294287696,0.29982426997089257,0.05356178396035719,0.3429115613311288,Rendah,Tinggi
SCB-ORD0257,SCB-CUST060,Laki-laki,Maros,Kesehatan,E-Wallet,5,300330.0,10,7.0,4.7,1351485.0,1351485.0,Sedang,Lambat,0.11634796066655327,0.05405405405405406,0.08695652173913045,0.05381457737269322,-0.6831704087251536,0.5194757498030482,0.5048483041369844,-0.19622835659533328,Rendah,Sedang
SCB-ORD0258,SCB-CUST166,Laki-laki,Gowa,Makanan,Kartu Kredit,1,41266.0,20,4.0,3.6,33013.0,33012.8,Rendah,Normal,0.01250998604896665,0.0,0.043478260869565216,0.0010080120294989306,-1.0191722125477873,-0.35913016952557447,-0.17208147612795643,-0.5695570012867027,Rendah,Rendah
SCB-ORD0259,SCB-CUST191,Perempuan,Maros,Kesehatan,Kartu Kredit,1,357324.0,30,2.0,3.9,250127.0,250126.8,Rendah,Cepat,0.13919228301684022,0.0,0.014492753623188406,0.009703717837375234,-0.6092501156428759,-0.35913016952557447,-0.6233679963045837,-0.5080806291198899,Rendah,Rendah
SCB-ORD0260,SCB-CUST164,Perempuan,Bone,Rumah Tangga,Transfer Bank,2,1132789.0,10,4.0,3.5,2039020.0,2039020.2,Tinggi,Normal,0.45001399111532864,0.013513513513513514,0.043478260869565216,0.08135127280743366,0.39651540485135983,-0.1394786896934188,-0.17208147612795643,-0.0015511016154166047,Rendah,Tinggi
SCB-ORD0261,SCB-CUST154,Laki-laki,Parepare,Makanan,E-Wallet,1,11207.0,30,3.0,3.0,7845.0,7844.9,Rendah,Cepat,0.0004617443826987148,0.0,0.02898550724637681,0.0,-1.058158247740267,-0.35913016952557447,-0.3977247362162701,-0.5766833834393706,Rendah,Rendah
SCB-ORD0262,SCB-CUST127,Laki-laki,Maros,Fashion,COD,1,637136.0,30,6.0,4.7,445995.0,445995.19999999995,Rendah,Lambat,0.25134646636032343,0.0,0.07246376811594203,0.017548492956331707,-0.24633849252573572,-0.35913016952557447,0.2792050440486708,-0.45262011499565435,Rendah,Rendah
SCB-ORD0263,SCB-CUST189,Laki-laki,Makassar,Fashion,E-Wallet,1,1172270.0,5,7.0,4.0,1113656.0,1113656.5,Sedang,Lambat,0.46583875671717584,0.0,0.08695652173913045,0.04428920813541965,0.44772162114046754,-0.35913016952557447,0.5048483041369844,-0.263570232826534,Rendah,Sedang
SCB-ORD0265,SCB-CUST081,Laki-laki,Bone,Fashion,Transfer Bank,5,363563.0,20,4.0,4.0,1454252.0,1454252.0,Sedang,Normal,0.14169299760334828,0.05405405405405406,0.043478260869565216,0.05793053304002939,-0.6011582338914576,0.5194757498030482,-0.17208147612795643,-0.16712962349444227,Rendah,Sedang
SCB-ORD0266,SCB-CUST195,Perempuan,Bone,Fashion,E-Wallet,2,1042566.0,0,5.0,4.1,2085132.0,2085132.0,Tinggi,Normal,0.413850828406799,0.013513513513513514,0.057971014492753624,0.08319812002231981,0.2794976380204243,-0.1394786896934188,0.05356178396035719,0.01150562652443652,Rendah,Tinggi
SCB-ORD0267,SCB-CUST101,Laki-laki,Bone,Kesehatan,COD,2,789828.0,0,4.0,4.1,1579656.0,1579656.0,Sedang,Normal,0.3125484396962888,0.013513513513513514,0.043478260869565216,0.06295313080494054,-0.04829944646265636,-0.1394786896934188,-0.17208147612795643,-0.13162116722166858,Rendah,Tinggi
SCB-ORD0268,SCB-CUST187,Perempuan,Makassar,Elektronik,Transfer Bank,1,2130342.0,30,5.0,4.4,1491239.0,1491239.4,Sedang,Normal,0.8498529617700603,0.0,0.057971014492753624,0.05941191181208425,1.6903254572271424,-0.35913016952557447,0.05356178396035719,-0.15665666192893335,Rendah,Tinggi
SCB-ORD0269,SCB-CUST096,Perempuan,Gowa,Rumah Tangga,Kartu Kredit,1,1532702.0,0,3.0,4.3,1532702.0,1532702.0,Sedang,Cepat,0.6103070304540362,0.0,0.02898550724637681,0.061072560364973404,0.9151960759292438,-0.35913016952557447,-0.3977247362162701,-0.1449163097676146,Rendah,Tinggi
SCB-ORD0270,SCB-CUST050,Perempuan,Parepare,Makanan,Transfer Bank,2,328816.0,10,6.0,4.6,591869.0,591868.8,Sedang,Lambat,0.1277657128241536,0.013513513513513514,0.07246376811594203,0.023390941573270957,-0.646224529005503,-0.1394786896934188,0.2792050440486708,-0.4113155270213107,Rendah,Sedang
SCB-ORD0271,SCB-CUST042,Perempuan,Makassar,Makanan,Kartu Kredit,3,305352.0,20,3.0,4.0,732845.0,732844.8,Sedang,Cepat,0.11836087758488048,0.02702702702702703,0.02898550724637681,0.029037218745499232,-0.6766569562238517,0.08017279013873686,-0.3977247362162701,-0.37139781999832466,Rendah,Sedang
SCB-ORD0272,SCB-CUST177,Perempuan,Makassar,Rumah Tangga,E-Wallet,4,1325510.0,10,6.0,5.0,4771836.0,4771836.0,Tinggi,Lambat,0.5272603792907444,0.04054054054054054,0.07246376811594203,0.19080420519805466,0.6464714143104193,0.29982426997089257,0.2792050440486708,0.7722525843717636,Rendah,Tinggi
SCB-ORD0273,SCB-CUST177,Perempuan,Maros,Rumah Tangga,Kartu Kredit,5,626034.0,20,3.0,4.6,2504136.0,2504136.0,Tinggi,Cepat,0.2468965651999753,0.05405405405405406,0.02898550724637681,0.09997979009575314,-0.2607376063587611,0.5194757498030482,-0.3977247362162701,0.13014765717830143,Rendah,Tinggi
SCB-ORD0274,SCB-CUST098,Perempuan,Parepare,Makanan,COD,1,337487.0,0,5.0,3.0,337487.0,337487.0,Rendah,Normal,0.13124122110747008,0.0,0.057971014492753624,0.013202602567867391,-0.6349783827213954,-0.35913016952557447,0.05356178396035719,-0.4833444266064972,Rendah,Rendah
SCB-ORD0275,SCB-CUST093,Laki-laki,Makassar,Kesehatan,COD,3,660892.0,0,4.0,4.3,1982676.0,1982676.0,Sedang,Normal,0.26086834097437783,0.02702702702702703,0.043478260869565216,0.07909462032054207,-0.21552734604606086,0.08017279013873686,-0.17208147612795643,-0.01750504614855081,Rendah,Tinggi
SCB-ORD0276,SCB-CUST175,Laki-laki,Bone,Fashion,E-Wallet,1,75193.0,10,4.0,4.9,67674.0,67673.7,Rendah,Normal,0.026108598611309784,0.0,0.043478260869565216,0.002396231393550998,-0.9751694441265073,-0.35913016952557447,-0.17208147612795643,-0.559742652439213,Rendah,Rendah
SCB-ORD0277,SCB-CUST149,Perempuan,Makassar,Kesehatan,COD,3,142928.0,25,6.0,5.0,321588.0,321588.0,Rendah,Lambat,0.05325812618257491,0.02702702702702703,0.07246376811594203,0.012565826373612643,-0.8873182483527753,0.08017279013873686,0.2792050440486708,-0.487846268224634,Rendah,Rendah
SCB-ORD0278,SCB-CUST202,Perempuan,Maros,Makanan,Kartu Kredit,3,230270.0,15,3.0,3.4,587188.0,587188.5,Sedang,Cepat,0.0882665271145811,0.02702702702702703,0.02898550724637681,0.023203461268515534,-0.7740370917680067,0.08017279013873686,-0.3977247362162701,-0.41264096387988664,Rendah,Sedang
SCB-ORD0279,SCB-CUST209,Perempuan,Gowa,Rumah Tangga,Transfer Bank,2,1602685.0,20,5.0,5.0,2564296.0,2564296.0,Tinggi,Normal,0.6383576008832065,0.013513513513513514,0.057971014492753624,0.10238927848158656,1.0059628912216787,-0.1394786896934188,0.05356178396035719,0.14718211165638878,Rendah,Tinggi
SCB-ORD0280,SCB-CUST115,Laki-laki,Takalar,Makanan,Kartu Kredit,4,308664.0,25,5.0,3.0,925992.0,925992.0,Sedang,Normal,0.11968839268513928,0.04054054054054054,0.057971014492753624,0.036773014178653626,-0.6723613459720971,0.29982426997089257,0.05356178396035719,-0.3167077638301209,Rendah,Sedang
SCB-ORD0281,SCB-CUST031,Laki-laki,Maros,Makanan,Kartu Kredit,3,156033.0,0,2.0,3.2,468099.0,468099.0,Rendah,Cepat,0.058510869355549444,0.02702702702702703,0.014492753623188406,0.01843378769171173,-0.8703212760251049,0.08017279013873686,-0.6233679963045837,-0.4463613121069635,Rendah,Rendah
SCB-ORD0283,SCB-CUST114,Perempuan,Parepare,Rumah Tangga,Transfer Bank,4,861451.0,10,5.0,4.5,3101224.0,3101223.6,Tinggi,Normal,0.34125635455916215,0.04054054054054054,0.057971014492753624,0.12389396232514989,0.0445944222153093,0.29982426997089257,0.05356178396035719,0.2992146178733184,Rendah,Tinggi
SCB-ORD0284,SCB-CUST210,Perempuan,Maros,Elektronik,COD,1,2504941.875,15,4.0,4.2,4909513.0,2129200.59375,Tinggi,Normal,1.0,0.0,0.043478260869565216,0.19631835301215686,2.176175415969898,-0.35913016952557447,-0.17208147612795643,0.8112361712929677,Rendah,Tinggi
SCB-ORD0285,SCB-CUST046,Perempuan,Bone,Makanan,E-Wallet,1,234274.0,30,5.0,3.5,163992.0,163991.8,Rendah,Normal,0.08987140950028046,0.0,0.057971014492753624,0.006253895993728922,-0.7688439687462599,-0.35913016952557447,0.05356178396035719,-0.5324699698191927,Rendah,Rendah
SCB-ORD0286,SCB-CUST127,Perempuan,Bone,Rumah Tangga,Transfer Bank,1,1687517.0,10,6.0,3.6,1518765.0,1518765.3,Sedang,Lambat,0.6723599441758257,0.0,0.07246376811594203,0.06051436489234441,1.115988618539568,-0.35913016952557447,0.2792050440486708,-0.14886260617820476,Rendah,Tinggi
SCB-ORD0287,SCB-CUST181,Perempuan,Bone,Rumah Tangga,E-Wallet,3,371169.0,30,3.0,3.5,779455.0,779454.8999999999,Sedang,Cepat,0.1447416328245344,0.02702702702702703,0.02898550724637681,0.03090401152581333,-0.5912933753241733,0.08017279013873686,-0.3977247362162701,-0.3582000819128251,Rendah,Sedang
SCB-ORD0288,SCB-CUST193,Laki-laki,Gowa,Fashion,COD,6,2504941.875,25,6.0,3.6,1961388.0,11272238.4375,Sedang,Lambat,1.0,0.06756756756756757,0.07246376811594203,0.0782420074755018,2.176175415969898,0.7391272296352039,0.2792050440486708,-0.023532796596182518,Rendah,Tinggi
SCB-ORD0289,SCB-CUST006,Laki-laki,Makassar,Rumah Tangga,COD,3,1645265.0,5,6.0,4.6,4689005.0,4689005.25,Tinggi,Lambat,0.6554245069728863,0.02702702702702703,0.07246376811594203,0.1874867129692154,1.0611884602191766,0.08017279013873686,0.2792050440486708,0.7487987795367494,Rendah,Tinggi
SCB-ORD0290,SCB-CUST115,Laki-laki,Parepare,Fashion,E-Wallet,2,400677.0,20,5.0,3.2,641083.0,641083.2000000001,Sedang,Normal,0.1565690227938692,0.013513513513513514,0.057971014492753624,0.025362028033051646,-0.5530219781898811,-0.1394786896934188,0.05356178396035719,-0.3973804598224312,Rendah,Sedang
SCB-ORD0291,SCB-CUST043,Perempuan,Gowa,Fashion,Transfer Bank,3,807415.0,20,6.0,4.8,1937796.0,1937796.0,Sedang,Lambat,0.31959765710820054,0.02702702702702703,0.07246376811594203,0.07729711635185516,-0.02548939287038318,0.08017279013873686,0.2792050440486708,-0.030212930406804804,Rendah,Tinggi
SCB-ORD0292,SCB-CUST117,Perempuan,Parepare,Kesehatan,COD,1,106937.0,15,4.0,3.6,90896.0,90896.45,Rendah,Normal,0.03883222160122991,0.0,0.043478260869565216,0.0033263035228033888,-0.933997991278772,-0.35913016952557447,-0.17208147612795643,-0.553167285054071,Rendah,Rendah
SCB-ORD0293,SCB-CUST030,Laki-laki,Maros,Makanan,E-Wallet,1,222454.0,25,3.0,3.2,166840.0,166840.5,Rendah,Cepat,0.08513371974029885,0.0,0.02898550724637681,0.006367962199228483,-0.7841743169273407,-0.35913016952557447,-0.3977247362162701,-0.531663551495496,Rendah,Rendah
SCB-ORD0294,SCB-CUST095,Perempuan,Parepare,Kesehatan,COD,3,589748.0,20,3.0,3.8,1415395.0,1415395.2000000002,Sedang,Cepat,0.23235241878451907,0.02702702702702703,0.02898550724637681,0.05637425826927923,-0.30779995949739897,0.08017279013873686,-0.3977247362162701,-0.17813208023737845,Rendah,Sedang
SCB-ORD0295,SCB-CUST169,Laki-laki,Gowa,Makanan,Transfer Bank,1,43608.0,30,3.0,4.6,30526.0,30525.6,Rendah,Cepat,0.013448705965876712,0.0,0.02898550724637681,0.000908404356367818,-1.0161346765545478,-0.35913016952557447,-0.3977247362162701,-0.5702612015574309,Rendah,Rendah
SCB-ORD0297,SCB-CUST057,Perempuan,Maros,Fashion,Transfer Bank,3,212862.0,5,6.0,5.0,606657.0,606656.7,Sedang,Lambat,0.08128905644268941,0.02702702702702703,0.07246376811594203,0.023983220733006738,-0.7966149852651518,0.08017279013873686,0.2792050440486708,-0.407128267832116,Rendah,Sedang
SCB-ORD0298,SCB-CUST186,Perempuan,Parepare,Kesehatan,Kartu Kredit,5,655634.0,30,3.0,3.7,2294719.0,2294719.0,Tinggi,Cepat,0.25876083058876165,0.05405405405405406,0.02898550724637681,0.09159235942261354,-0.22234688671747568,0.5194757498030482,-0.3977247362162701,0.0708507098139793,Rendah,Tinggi
SCB-ORD0299,SCB-CUST181,Laki-laki,Gowa,Elektronik,Kartu Kredit,6,2504941.875,25,2.0,4.3,24975801.0,11272238.4375,Tinggi,Cepat,1.0,0.06756756756756757,0.014492753623188406,1.0,2.176175415969898,0.7391272296352039,-0.6233679963045837,6.4930558102589,Tinggi,Tinggi
SCB-ORD0300,SCB-CUST188,Laki-laki,Takalar,Rumah Tangga,E-Wallet,3,360850.0,25,5.0,4.8,811912.0,811912.5,Sedang,Normal,0.14060557354930173,0.02702702702702703,0.057971014492753624,0.03220395774487907,-0.6046769508639849,0.08017279013873686,0.05356178396035719,-0.3490098011781961,Rendah,Sedang
SCB-ORD0301,SCB-CUST076,Perempuan,Gowa,Kesehatan,Kartu Kredit,4,854860.0,30,7.0,4.0,2393608.0,2393608.0,Tinggi,Lambat,0.3386145514112739,0.04054054054054054,0.08695652173913045,0.09555299600816343,0.036046002176264975,0.29982426997089257,0.5048483041369844,0.09885137751483669,Rendah,Tinggi
SCB-ORD0302,SCB-CUST147,Perempuan,Maros,Kesehatan,Kartu Kredit,3,619335.0,0,3.0,4.2,1300604.0,1858005.0,Sedang,Cepat,0.24421147351620906,0.02702702702702703,0.02898550724637681,0.051776725335465984,-0.2694261006451452,0.08017279013873686,-0.3977247362162701,-0.21063543901387655,Rendah,Sedang
SCB-ORD0303,SCB-CUST115,Perempuan,Makassar,Elektronik,E-Wallet,5,2504941.875,30,3.0,3.7,15487724.0,8767296.5625,Tinggi,Cepat,1.0,0.05405405405405406,0.02898550724637681,0.6199898381749792,2.176175415969898,0.5194757498030482,-0.3977247362162701,3.8064830752009278,Sedang,Tinggi
SCB-ORD0304,SCB-CUST183,Laki-laki,Gowa,Rumah Tangga,Transfer Bank,2,895076.0,0,4.0,3.7,1790152.0,1790152.0,Sedang,Normal,0.3547339195489575,0.013513513513513514,0.043478260869565216,0.0713837768698407,0.08820550153754651,-0.1394786896934188,-0.17208147612795643,-0.07201869830844591,Rendah,Tinggi
SCB-ORD0305,SCB-CUST120,Laki-laki,Makassar,Elektronik,E-Wallet,1,2504941.875,20,5.0,3.5,2897394.0,2003953.5,Tinggi,Normal,1.0,0.0,0.057971014492753624,0.11573029846736353,2.176175415969898,-0.35913016952557447,0.05356178396035719,0.24149964353374817,Rendah,Tinggi
SCB-ORD0306,SCB-CUST171,Perempuan,Maros,Elektronik,COD,1,1222099.0,30,6.0,4.9,855469.0,855469.2999999999,Sedang,Lambat,0.48581120536777844,0.0,0.07246376811594203,0.03394847379577247,0.5123490254987652,-0.35913016952557447,0.2792050440486708,-0.33667652767915934,Rendah,Sedang
SCB-ORD0308,SCB-CUST117,Laki-laki,Gowa,Elektronik,Kartu Kredit,2,2504941.875,0,4.0,4.5,7299162.0,5009883.75,Tinggi,Normal,1.0,0.013513513513513514,0.043478260869565216,0.2920269885127962,2.176175415969898,-0.1394786896934188,-0.17208147612795643,1.487871262867219,Rendah,Tinggi
SCB-ORD0309,SCB-CUST127,Laki-laki,Maros,Fashion,Transfer Bank,1,361494.0,0,3.0,4.0,361494.0,361494.0,Rendah,Cepat,0.14086370148546318,0.0,0.02898550724637681,0.014164114996037322,-0.6038416933150326,-0.35913016952557447,-0.3977247362162701,-0.4765467845078362,Rendah,Rendah
SCB-ORD0310,SCB-CUST154,Laki-laki,Takalar,Rumah Tangga,COD,2,479319.0,0,5.0,4.1,958638.0,958638.0,Sedang,Normal,0.18809029166903612,0.013513513513513514,0.057971014492753624,0.03808053010026131,-0.45102458041859844,-0.1394786896934188,0.05356178396035719,-0.30746396727274655,Rendah,Sedang
SCB-ORD0311,SCB-CUST054,Perempuan,Makassar,Makanan,Transfer Bank,6,11504.0,15,7.0,3.6,58670.0,58670.4,Rendah,Lambat,0.000580787856363227,0.06756756756756757,0.08695652173913045,0.002035609162399998,-1.0577730435600825,0.7391272296352039,0.5048483041369844,-0.5622921575609001,Rendah,Rendah
SCB-ORD0312,SCB-CUST126,Laki-laki,Pare Pare,Makanan,E-Wallet,5,122293.0,25,4.0,4.0,458599.0,458598.75,Rendah,Normal,0.044987210091439515,0.05405405405405406,0.043478260869565216,0.018053299997805188,-0.9140815084810835,0.5194757498030482,-0.17208147612795643,-0.4490512608692945,Rendah,Rendah
SCB-ORD0313,SCB-CUST119,Perempuan,Bone,Elektronik,E-Wallet,4,988825.0,5,6.0,4.3,3757535.0,3757535.0,Tinggi,Lambat,0.3923103727899486,0.04054054054054054,0.07246376811594203,0.15018009483836,0.209796433147373,0.29982426997089257,0.2792050440486708,0.4850507191527065,Rendah,Tinggi
SCB-ORD0314,SCB-CUST077,Perempuan,Parepare,Fashion,Kartu Kredit,2,561822.0,15,8.0,2.5,955097.0,955097.4,Sedang,Lambat,0.2211591257018417,0.013513513513513514,0.10144927536231885,0.03793870831877467,-0.34401952830491705,-0.1394786896934188,0.730491564225298,-0.30846661027984273,Rendah,Sedang
SCB-ORD0315,SCB-CUST110,Perempuan,Maros,Kesehatan,COD,5,196319.0,30,3.0,3.6,687116.0,687116.5,Sedang,Cepat,0.07465829487759841,0.05405405405405406,0.02898550724637681,0.027205711192377944,-0.8180709877998068,0.5194757498030482,-0.3977247362162701,-0.3843461007301806,Rendah,Sedang
SCB-ORD0316,SCB-CUST120,Laki-laki,Bone,Elektronik,Kartu Kredit,4,1114206.0,10,6.0,4.4,4011142.0,4011141.6,Tinggi,Lambat,0.4425655572058753,0.04054054054054054,0.07246376811594203,0.16033739405820804,0.37241355542250826,0.29982426997089257,0.2792050440486708,0.556860175549387,Rendah,Tinggi
SCB-ORD0317,SCB-CUST162,Laki-laki,Parepare,Fashion,Transfer Bank,1,914022.0,5,3.0,4.4,868321.0,868320.8999999999,Sedang,Cepat,0.3623278510373341,0.0,0.02898550724637681,0.03446321356862372,0.11277815607551249,-0.35913016952557447,-0.3977247362162701,-0.3330374517324775,Rendah,Sedang
SCB-ORD0318,SCB-CUST099,Perempuan,Parepare,Rumah Tangga,Kartu Kredit,2,966702.0,0,5.0,3.8,1933404.0,1933404.0,Sedang,Normal,0.38344303687116077,0.013513513513513514,0.057971014492753624,0.07712121088326174,0.18110326116682718,-0.1394786896934188,0.05356178396035719,-0.031456536192505595,Rendah,Tinggi
SCB-ORD0319,SCB-CUST118,Perempuan,Bone,Rumah Tangga,Kartu Kredit,1,1099991.0,0,4.0,4.5,1099991.0,1099991.0,Sedang,Normal,0.4368679040808213,0.0,0.043478260869565216,0.04374190662623725,0.3539769311082896,-0.35913016952557447,-0.17208147612795643,-0.2674395117567711,Rendah,Sedang
SCB-ORD0320,SCB-CUST213,Laki-laki,Parepare,Elektronik,COD,2,2504941.875,0,5.0,5.0,7387150.0,5009883.75,Tinggi,Normal,1.0,0.013513513513513514,0.057971014492753624,0.29555102548242235,2.176175415969898,-0.1394786896934188,0.05356178396035719,1.512785285151427,Rendah,Tinggi
SCB-ORD0321,SCB-CUST185,Perempuan,Parepare,Rumah Tangga,Kartu Kredit,4,706625.0,15,6.0,2.8,2402525.0,2402525.0,Tinggi,Lambat,0.2791990318198295,0.04054054054054054,0.07246376811594203,0.09591013377306497,-0.15621238721650327,0.29982426997089257,0.2792050440486708,0.1013762483689109,Rendah,Tinggi
SCB-ORD0323,SCB-CUST111,Perempuan,Takalar,Elektronik,E-Wallet,1,2504941.875,5,5.0,3.5,4626534.0,2379694.78125,Tinggi,Normal,1.0,0.0,0.057971014492753624,0.1849846659454222,2.176175415969898,-0.35913016952557447,0.05356178396035719,0.7311099596281624,Rendah,Tinggi
SCB-ORD0324,SCB-CUST129,Laki-laki,Parepare,Kesehatan,Transfer Bank,2,723721.0,25,2.0,4.5,1085582.0,1085581.5,Sedang,Cepat,0.286051446721407,0.013513513513513514,0.014492753623188406,0.043164806922921524,-0.13403915265611763,-0.1394786896934188,-0.6233679963045837,-0.27151945614797396,Rendah,Sedang
SCB-ORD0325,SCB-CUST157,Perempuan,Gowa,Kesehatan,Kartu Kredit,2,240716.0,15,9.0,4.0,409217.0,409217.2,Rendah,Lambat,0.09245349050144809,0.013513513513513514,0.11594202898550725,0.016075484913542784,-0.7604887992891937,-0.1394786896934188,0.9561348243136117,-0.46303389768839204,Rendah,Rendah
SCB-ORD0326,SCB-CUST219,Laki-laki,Maros,Elektronik,COD,1,279121.0,5,7.0,4.2,265165.0,265164.95,Rendah,Lambat,0.10784697402362181,0.0,0.08695652173913045,0.01030600983116119,-0.7106781375383975,-0.35913016952557447,0.5048483041369844,-0.5038225818053708,Rendah,Rendah
SCB-ORD0327,SCB-CUST108,Laki-laki,Parepare,Makanan,E-Wallet,1,45790.0,0,6.0,4.1,45790.0,45790.0,Rendah,Lambat,0.014323294718523059,0.0,0.07246376811594203,0.0015197479521351287,-1.0133046579647746,-0.35913016952557447,0.2792050440486708,-0.5659391617776183,Rendah,Rendah
SCB-ORD0328,SCB-CUST202,Perempuan,Takalar,Kesehatan,COD,3,175195.0,5,4.0,3.5,499306.0,499305.75,Rendah,Normal,0.06619137791568205,0.02702702702702703,0.043478260869565216,0.019683669740526617,-0.8454684729924592,0.08017279013873686,-0.17208147612795643,-0.437524971998957,Rendah,Sedang
SCB-ORD0329,SCB-CUST181,Perempuan,Makassar,Fashion,Kartu Kredit,2,1015891.0,30,4.0,4.7,1422247.0,1422247.4,Sedang,Normal,0.40315896086470854,0.013513513513513514,0.043478260869565216,0.05664869002492635,0.24490059591125918,-0.1394786896934188,-0.17208147612795643,-0.1761919192984846,Rendah,Sedang
SCB-ORD0330,SCB-CUST006,Perempuan,Parepare,Elektronik,KartuKredit,5,2504941.875,0,4.0,4.1,15256890.0,12524709.375,Tinggi,Normal,1.0,0.05405405405405406,0.043478260869565216,0.6107446280344294,2.176175415969898,0.5194757498030482,-0.17208147612795643,3.7411218507163064,Sedang,Tinggi
SCB-ORD0331,SCB-CUST028,Laki-laki,Parepare,Elektronik,Kartu Kredit,1,467996.0,10,5.0,3.7,421196.0,421196.4,Rendah,Normal,0.18355180933804865,0.0,0.057971014492753624,0.016555259869890832,-0.4657103276651618,-0.35913016952557447,0.05356178396035719,-0.4596420138753433,Rendah,Rendah
SCB-ORD0332,SCB-CUST172,Laki-laki,Makassar,Elektronik,E-Wallet,3,1168367.0,20,3.0,4.9,2804081.0,2804080.8000000003,Tinggi,Cepat,0.4642743571289179,0.02702702702702703,0.02898550724637681,0.11199298813246868,0.4426594934796589,0.08017279013873686,-0.3977247362162701,0.2150778341801284,Rendah,Tinggi
SCB-ORD0333,SCB-CUST203,Perempuan,Makassar,Kesehatan,COD,2,475335.0,30,5.0,4.0,665469.0,665469.0,Sedang,Normal,0.18649342567886973,0.013513513513513514,0.057971014492753624,0.026338719917641636,-0.456191763764912,-0.1394786896934188,0.05356178396035719,-0.3904755029257783,Rendah,Sedang
SCB-ORD0334,SCB-CUST204,Perempuan,Parepare,Rumah Tangga,E-Wallet,2,561327.0,0,8.0,4.3,1122654.0,1122654.0,Sedang,Lambat,0.22096071991240085,0.013513513513513514,0.10144927536231885,0.04464959005855345,-0.34466153527189125,-0.1394786896934188,0.730491564225298,-0.2610224266198547,Rendah,Sedang
SCB-ORD0335,SCB-CUST090,Perempuan,Takalar,Makanan,E-Wallet,1,141283.0,15,2.0,2.8,120091.0,120090.55,Rendah,Cepat,0.05259877764998864,0.0,0.014492753623188406,0.004495602283182492,-0.8894517866571643,-0.35913016952557447,-0.6233679963045837,-0.544900647778676,Rendah,Rendah
SCB-ORD0336,SCB-CUST037,Laki-laki,Makassar,Makanan,COD,1,111628.0,15,1.0,4.7,94884.0,94883.8,Rendah,Cepat,0.040712467173486575,0.0,0.0,0.0034860282515717348,-0.9279138404058913,-0.35913016952557447,-0.8490112563928973,-0.5520380728788945,Rendah,Rendah
SCB-ORD0338,SCB-CUST066,Laki-laki,Bone,Fashion,Kartu Kredit,2,996358.0,20,7.0,5.0,1594173.0,1594172.8,Sedang,Lambat,0.3953297481674395,0.013513513513513514,0.08695652173913045,0.06353455605256594,0.2195666118993258,-0.1394786896934188,0.5048483041369844,-0.12751064236032558,Rendah,Tinggi
SCB-ORD0339,SCB-CUST220,Laki-laki,Parepare,Elektronik,Kartu Kredit,2,2504941.875,25,4.0,4.6,7714308.0,3757412.8125,Tinggi,Normal,1.0,0.013513513513513514,0.043478260869565216,0.30865414053116724,2.176175415969898,-0.1394786896934188,-0.17208147612795643,1.6054208911710763,Rendah,Tinggi
SCB-ORD0340,SCB-CUST176,Laki-laki,Gowa,Fashion,Transfer Bank,1,1168739.0,15,6.0,3.9,993428.0,993428.15,Sedang,Lambat,0.4644234620858311,0.0,0.07246376811594203,0.03947391608668326,0.4431419714427183,-0.35913016952557447,0.2792050440486708,-0.2976130917525893,Rendah,Sedang
SCB-ORD0341,SCB-CUST057,Perempuan,Makassar,Rumah Tangga,E-Wallet,2,834713.0,25,4.0,3.9,1252070.0,1252069.5,Sedang,Normal,0.3305392353711428,0.013513513513513514,0.043478260869565216,0.04983287378430176,0.009915670128529275,-0.1394786896934188,-0.17208147612795643,-0.22437796251187342,Rendah,Sedang
SCB-ORD0342,SCB-CUST051,Laki-laki,Gowa,Kesehatan,Kartu Kredit,2,649659.0,10,5.0,3.8,1169386.0,1169386.2,Sedang,Normal,0.25636593242328876,0.013513513513513514,0.057971014492753624,0.046521269101884026,-0.23009636475317433,-0.1394786896934188,0.05356178396035719,-0.2477901439291968,Rendah,Sedang
SCB-ORD0343,SCB-CUST097,Laki-laki,Gowa,Makanan,COD,1,36859.0,25,70.0,4.8,27644.0,27644.25,Rendah,Lambat,0.010743573293278078,0.0,1.0,0.0007929764054374334,-1.0248880200295152,-0.35913016952557447,14.720373689700741,-0.5710772470661717,Rendah,Rendah
SCB-ORD0344,SCB-CUST209,Perempuan,Maros,Fashion,E-Wallet,3,431698.0,10,4.0,4.0,1165585.0,1165584.6,Sedang,Normal,0.1690028530852727,0.02702702702702703,0.043478260869565216,0.04636903397298521,-0.5127882446090597,0.08017279013873686,-0.17208147612795643,-0.24886640658663048,Rendah,Sedang
SCB-ORD0346,SCB-CUST002,Perempuan,Takalar,Elektronik,E-Wallet,1,2504941.875,10,5.0,4.8,4723783.0,2254447.6875,Tinggi,Normal,1.0,0.0,0.057971014492753624,0.18887961833960296,2.176175415969898,-0.35913016952557447,0.05356178396035719,0.758646257226891,Rendah,Tinggi
SCB-ORD0347,SCB-CUST201,Perempuan,Parepare,Makanan,E-Wallet,1,111512.0,10,7.0,4.7,100361.0,100360.8,Rendah,Lambat,0.04066597207939538,0.0,0.08695652173913045,0.0037053894199429063,-0.9280642905234044,-0.35913016952557447,0.5048483041369844,-0.5504872466292854,Rendah,Rendah
SCB-ORD0348,SCB-CUST016,Perempuan,Bone,Makanan,COD,4,18423.0,0,4.0,4.1,73692.0,73692.0,Rendah,Normal,0.0033540598909920522,0.04054054054054054,0.043478260869565216,0.002637260334806742,-1.048799212843932,0.29982426997089257,-0.17208147612795643,-0.5580386406864016,Rendah,Rendah
SCB-ORD0349,SCB-CUST181,Perempuan,Parepare,Fashion,E-Wallet,6,749698.0,5,6.0,3.7,4273279.0,4273278.6,Tinggi,Lambat,0.29646354205939696,0.06756756756756757,0.07246376811594203,0.17083633117584796,-0.10034740521957469,0.7391272296352039,0.2792050440486708,0.6310849227821393,Rendah,Tinggi
SCB-ORD0350,SCB-CUST087,Laki-laki,Parepare,Kesehatan,Transfer Bank,2,78364.0,10,2.0,4.8,141055.0,141055.2,Rendah,Cepat,0.02737959812306119,0.013513513513513514,0.014492753623188406,0.005335238495293728,-0.9710567085865573,-0.1394786896934188,-0.6233679963045837,-0.5389646387414648,Rendah,Rendah
SCB-ORD0351,SCB-CUST154,Perempuan,Bone,Rumah Tangga,Kartu Kredit,1,507670.0,15,5.0,3.2,431520.0,431519.5,Rendah,Normal,0.19945393315678894,0.0,0.057971014492753624,0.01696874986482674,-0.4142537935081227,-0.35913016952557447,0.05356178396035719,-0.45671874745194285,Rendah,Rendah
SCB-ORD0352,SCB-CUST216,Laki-laki,Gowa,Rumah-tangga,COD,2,601491.0,20,7.0,4.8,962386.0,962385.6000000001,Sedang,Lambat,0.23705924542169876,0.013513513513513514,0.08695652173913045,0.03823064250834149,-0.2925694790667363,-0.1394786896934188,0.5048483041369844,-0.3064027116978817,Rendah,Sedang
SCB-ORD0353,SCB-CUST107,Perempuan,Parepare,Rumah Tangga,Kartu Kredit,2,647272.0,15,1.0,3.9,222222.0,1100362.4,Rendah,Cepat,0.2554091756164295,0.013513513513513514,0.0,0.00858608530069502,-0.2331922650161388,-0.1394786896934188,-0.8490112563928973,-0.5159819996686105,Rendah,Rendah
SCB-ORD0354,SCB-CUST192,Perempuan,Maros,Elektronik,E-Wallet,2,2504941.875,10,2.0,4.3,8238436.0,4508895.375,Tinggi,Cepat,1.0,0.013513513513513514,0.014492753623188406,0.32964616727136176,2.176175415969898,-0.1394786896934188,-0.6233679963045837,1.7538290453713916,Rendah,Tinggi
SCB-ORD0355,SCB-CUST147,Perempuan,Gowa,Elektronik,Kartu Kredit,4,2504941.875,15,5.0,4.6,17418683.0,8516802.375,Tinggi,Normal,1.0,0.04054054054054054,0.057971014492753624,0.6973273262737246,2.176175415969898,0.29982426997089257,0.05356178396035719,4.353238945954802,Tinggi,Tinggi
SCB-ORD0356,SCB-CUST043,Laki-laki,Maros,Fashion,COD,5,272097.0,5,6.0,4.4,1292461.0,1292460.75,Sedang,Lambat,0.10503161591244493,0.05405405405405406,0.07246376811594203,0.05145058730478378,-0.7197881515505729,0.5194757498030482,0.2792050440486708,-0.21294114983194612,Rendah,Sedang
SCB-ORD0357,SCB-CUST073,Perempuan,Makassar,Rumah Tangga,Kartu Kredit,1,390913.0,25,3.0,3.4,293185.0,293184.75,Rendah,Cepat,0.15265541849467626,0.0,0.02898550724637681,0.011428248271504484,-0.5656857277364186,-0.35913016952557447,-0.3977247362162701,-0.4958886487190009,Rendah,Rendah
SCB-ORD0358,SCB-CUST170,Perempuan,Bone,Makanan,E-Wallet,2,175965.0,5,6.0,3.4,334334.0,334333.5,Rendah,Lambat,0.06650000914370116,0.013513513513513514,0.07246376811594203,0.01307632070482662,-0.8444697954882772,-0.1394786896934188,0.2792050440486708,-0.48423720644308976,Rendah,Rendah
SCB-ORD0359,SCB-CUST159,Laki-laki,Gowa,Elektronik,COD,5,494179.0,15,5.0,3.6,2100261.0,2100260.75,Tinggi,Normal,0.19404647355002821,0.05405405405405406,0.057971014492753624,0.08380405668770004,-0.43175140157165587,0.5194757498030482,0.05356178396035719,0.01578944071657388,Rendah,Tinggi
SCB-ORD0360,SCB-CUST135,Perempuan,Bone,Fashion,Kartu Kredit,4,1118607.0,5,1.0,3.0,4250707.0,4250706.6,Tinggi,Cepat,0.444329565042904,0.04054054054054054,0.0,0.169932292415126,0.37812158100160614,0.29982426997089257,-0.8490112563928973,0.624693604522841,Rendah,Tinggi
SCB-ORD0362,SCB-CUST054,Laki-laki,Takalar,Rumah Tangga,E-Wallet,4,511084.0,20,6.0,3.1,1635469.0,1635468.8,Sedang,Lambat,0.20082233187426587,0.04054054054054054,0.07246376811594203,0.06518851603230957,-0.4098258909116582,0.29982426997089257,0.2792050440486708,-0.1158175766667236,Rendah,Tinggi
SCB-ORD0363,SCB-CUST211,Laki-laki,Parepare,Fashion,COD,1,270496.0,20,4.0,4.4,216397.0,216396.80000000002,Rendah,Normal,0.10438990345003119,0.0,0.043478260869565216,0.008352786267326008,-0.7218646225690085,-0.35913016952557447,-0.17208147612795643,-0.5176313629886713,Rendah,Rendah
SCB-ORD0364,SCB-CUST001,Laki-laki,Makassar,Fashion,COD,2,220096.0,25,6.0,4.0,330144.0,330144.0,Rendah,Lambat,0.08418858670696241,0.013513513513513514,0.07246376811594203,0.012908505606145733,-0.7872326046609269,-0.1394786896934188,0.2792050440486708,-0.48542361542352835,Rendah,Rendah
SCB-ORD0365,SCB-CUST051,Laki-laki,Maros,Elektronik,Transfer Bank,2,2504941.875,10,1.0,3.6,9780734.0,4508895.375,Tinggi,Cepat,1.0,0.013513513513513514,0.0,0.39141726299101137,2.176175415969898,-0.1394786896934188,-0.8490112563928973,2.190534581818286,Sedang,Tinggi
SCB-ORD0366,SCB-CUST188,Perempuan,Bone,Elektronik,E-Wallet,4,2504941.875,25,6.0,1.0,14705487.0,7514825.625,Tinggi,Lambat,1.0,0.04054054054054054,0.07246376811594203,0.5886602010993611,2.176175415969898,0.29982426997089257,0.2792050440486708,3.5849907120430884,Sedang,Tinggi
SCB-ORD0367,SCB-CUST185,Perempuan,Takalar,Elektronik,E-Wallet,1,311995.0,5,4.0,4.4,296395.0,296395.25,Rendah,Normal,0.12102352336115442,0.0,0.043478260869565216,0.011556813060708694,-0.6680410930286808,-0.35913016952557447,-0.17208147612795643,-0.49497972918983435,Rendah,Rendah
SCB-ORD0368,SCB-CUST063,Laki-laki,Gowa,Elektronik,COD,6,1578627.0,5,6.0,4.4,8998174.0,8998173.9,Tinggi,Lambat,0.6287146786966044,0.06756756756756757,0.07246376811594203,0.3600746893338005,0.9747600556429611,0.7391272296352039,0.2792050440486708,1.9689507604025274,Sedang,Tinggi
SCB-ORD0369,SCB-CUST012,Perempuan,Maros,Elektronik,Kartu Kredit,2,528453.0,30,7.0,5.0,739834.0,739834.2,Sedang,Lambat,0.20778417057486828,0.013513513513513514,0.08695652173913045,0.029317137534205846,-0.38729857978160803,-0.1394786896934188,0.5048483041369844,-0.36941886716675293,Rendah,Sedang
SCB-ORD0370,SCB-CUST096,Perempuan,Makassar,Fashion,Kartu Kredit,2,723898.0,25,5.0,4.1,1085847.0,1085847.0,Sedang,Normal,0.2861223918218737,0.013513513513513514,0.057971014492753624,0.0431754205270147,-0.13380958652853292,-0.1394786896934188,0.05356178396035719,-0.27144442073513,Rendah,Sedang
SCB-ORD0371,SCB-CUST008,Perempuan,Takalar,Elektronik,COD,1,2504941.875,0,7.0,3.9,5248662.0,2504941.875,Tinggi,Lambat,1.0,0.0,0.08695652173913045,0.2099017236332842,2.176175415969898,-0.35913016952557447,0.5048483041369844,0.9072670589556812,Rendah,Tinggi
SCB-ORD0373,SCB-CUST215,Perempuan,Takalar,Makanan,Kartu Kredit,1,188076.0,5,4.0,4.5,178672.0,178672.19999999998,Rendah,Normal,0.07135433745868738,0.0,0.043478260869565216,0.00684184960915503,-0.8287620250296417,-0.35913016952557447,-0.17208147612795643,-0.5283132911001381,Rendah,Rendah
SCB-ORD0374,SCB-CUST034,Laki-laki,Makassar,Elektronik,Kartu Kredit,3,2504941.875,20,7.0,4.5,6679123.0,6011860.5,Tinggi,Lambat,1.0,0.02702702702702703,0.08695652173913045,0.2671935980662574,2.176175415969898,0.08017279013873686,0.5048483041369844,1.3123056691149118,Rendah,Tinggi
SCB-ORD0375,SCB-CUST067,Laki-laki,Bone,Makanan,Transfer Bank,4,132712.0,25,2.0,4.3,398136.0,398136.0,Rendah,Cepat,0.049163351344337004,0.04054054054054054,0.014492753623188406,0.01563167605710295,-0.9005682345641054,0.29982426997089257,-0.6233679963045837,-0.4661715105552751,Rendah,Rendah
SCB-ORD0376,SCB-CUST194,Laki-laki,Gowa,Rumah Tangga,Transfer Bank,1,777968.0,5,5.0,4.7,739070.0,739069.6,Sedang,Normal,0.3077947171452413,0.0,0.057971014492753624,0.029286538313348518,-0.06368167399460382,-0.35913016952557447,0.05356178396035719,-0.3696351956777446,Rendah,Sedang
SCB-ORD0377,SCB-CUST019,Laki-laki,Makassar,Elektronik,E-Wallet,2,1625481.0,20,5.0,4.2,2600770.0,2600769.6,Tinggi,Normal,0.6474946885116786,0.013513513513513514,0.057971014492753624,0.10385011091817048,1.0355289332805553,-0.1394786896934188,0.05356178396035719,0.15750981598873184,Rendah,Tinggi
SCB-ORD0378,SCB-CUST118,Perempuan,Bone,Rumah Tangga,Kartu Kredit,1,1251337.0,30,6.0,4.0,875936.0,875935.8999999999,Sedang,Lambat,0.49753037399741823,0.0,0.07246376811594203,0.03476820449379196,0.5502702370147078,-0.35913016952557447,0.2792050440486708,-0.3308812454350933,Rendah,Sedang
SCB-ORD0379,SCB-CUST124,Laki-laki,Parepare,Makanan,E-Wallet,2,287061.0,10,7.0,4.4,516710.0,516709.8,Sedang,Lambat,0.11102948305020845,0.013513513513513514,0.08695652173913045,0.020380723195763402,-0.700380086391377,-0.1394786896934188,0.5048483041369844,-0.4325969858663667,Rendah,Sedang
SCB-ORD0380,SCB-CUST034,Perempuan,Gowa,Makanan,E-Wallet,2,166808.0,10,6.0,3.3,300254.0,300254.4,Rendah,Lambat,0.06282970244893368,0.013513513513513514,0.07246376811594203,0.011711371167107153,-0.856346275885414,-0.1394786896934188,0.2792050440486708,-0.4938870436873254,Rendah,Rendah
SCB-ORD0381,SCB-CUST166,Laki-laki,Gowa,Fashion,Transfer Bank,2,1141671.0,10,1.0,4.0,2055008.0,2055007.8,Tinggi,Cepat,0.45357407237151787,0.013513513513513514,0.0,0.08199161357061027,0.4080352147112888,-0.1394786896934188,-0.8490112563928973,0.002975940575335732,Rendah,Tinggi
SCB-ORD0382,SCB-CUST156,Laki-laki,Takalar,Fashion,Transfer Bank,3,410410.0,5,8.0,4.9,1169668.0,1169668.5,Sedang,Lambat,0.16047020167998602,0.02702702702702703,0.10144927536231885,0.04653256357869262,-0.5403984351402652,0.08017279013873686,0.730491564225298,-0.24771029492383076,Rendah,Sedang
SCB-ORD0383,SCB-CUST159,Perempuan,Maros,Fashion,Kartu Kredit,1,1196986.0,5,4.0,4.6,1137137.0,1137136.7,Sedang,Normal,0.4757454183168125,0.0,0.043478260869565216,0.04522965356074802,0.47977787204094086,-0.35913016952557447,-0.17208147612795643,-0.2569215289435558,Rendah,Sedang
SCB-ORD0384,SCB-CUST113,Laki-laki,Takalar,Fashion,Kartu Kredit,1,294741.0,20,4.0,3.3,235793.0,235792.80000000002,Rendah,Normal,0.11410777893486654,0.0,0.043478260869565216,0.009129621984274564,-0.6904192510249895,-0.35913016952557447,-0.17208147612795643,-0.5121393370734955,Rendah,Rendah
SCB-ORD0385,SCB-CUST143,Perempuan,Makassar,Kesehatan,Transfer Bank,1,440965.0,15,4.0,3.9,374820.0,374820.25,Rendah,Normal,0.17271724995547144,0.0,0.043478260869565216,0.014697839102247697,-0.5007690959970397,-0.35913016952557447,-0.17208147612795643,-0.47277349427553916,Rendah,Rendah
SCB-ORD0386,SCB-CUST022,Laki-laki,Gowa,Elektronik,Transfer Bank,1,2504941.875,25,5.0,4.4,2217436.0,1878706.40625,Tinggi,Normal,1.0,0.0,0.057971014492753624,0.08849707200701572,2.176175415969898,-0.35913016952557447,0.05356178396035719,0.04896783505616639,Rendah,Tinggi
SCB-ORD0387,SCB-CUST025,Laki-laki,Gowa,Fashion,Kartu Kredit,1,106525.0,10,1.0,5.0,95872.0,95872.5,Rendah,Cepat,0.038667083853250864,0.0,0.0,0.003525598971738015,-0.934532348592698,-0.35913016952557447,-0.8490112563928973,-0.5517583182076121,Rendah,Rendah
SCB-ORD0388,SCB-CUST213,Laki-laki,Bone,Makanan,Transfer Bank,2,293157.0,15,3.0,3.3,498367.0,498366.89999999997,Rendah,Cepat,0.1134728804086558,0.013513513513513514,0.02898550724637681,0.01964606153583417,-0.692473673319307,-0.1394786896934188,-0.3977247362162701,-0.43779085219767583,Rendah,Sedang
SCB-ORD0390,SCB-CUST190,Perempuan,Bone,Rumah Tangga,E-Wallet,1,428537.0,10,6.0,5.0,385683.0,385683.3,Rendah,Lambat,0.16773586177128774,0.0,0.07246376811594203,0.015132916767395779,-0.5168880103112928,-0.35913016952557447,0.2792050440486708,-0.469697608653939,Rendah,Rendah
SCB-ORD0391,SCB-CUST191,Perempuan,Parepare,Kesehatan,E-Wallet,2,306058.0,15,6.0,4.1,520299.0,520298.6,Sedang,Lambat,0.1186438563471941,0.013513513513513514,0.07246376811594203,0.020524467441387674,-0.6757412856810562,-0.1394786896934188,0.2792050440486708,-0.43158075153920816,Rendah,Sedang
SCB-ORD0392,SCB-CUST080,Laki-laki,Takalar,Kesehatan,COD,3,82685.0,10,5.0,4.0,223250.0,223249.5,Rendah,Normal,0.029111540377958017,0.02702702702702703,0.057971014492753624,0.008627258074309327,-0.9654524417091928,0.08017279013873686,0.05356178396035719,-0.5156909188972761,Rendah,Rendah
SCB-ORD0393,SCB-CUST202,Laki-laki,Makassar,Fashion,E-Wallet,4,1129662.0,30,3.0,5.0,3163054.0,3163053.5999999996,Tinggi,Cepat,0.44876062767374975,0.04054054054054054,0.02898550724637681,0.12637033644243845,0.3924597365973632,0.29982426997089257,-0.3977247362162701,0.3167219370285734,Rendah,Tinggi
SCB-ORD0394,SCB-CUST143,Perempuan,Gowa,Makanan,Transfer Bank,1,193307.0,5,5.0,4.1,183642.0,183641.65,Rendah,Normal,0.07345102571033406,0.0,0.057971014492753624,0.007040904750072453,-0.8219775029200619,-0.35913016952557447,0.05356178396035719,-0.5269060231686872,Rendah,Rendah
SCB-ORD0395,SCB-CUST065,Perempuan,Takalar,Elektronik,COD,1,2504941.875,25,4.0,4.4,3148935.0,1878706.40625,Tinggi,Normal,1.0,0.0,0.043478260869565216,0.12580485162662092,2.176175415969898,-0.35913016952557447,-0.17208147612795643,0.31272410686274704,Rendah,Tinggi
